name,id,team,position,timeOnIce,gamePlayed,goals,assists,specialTeams,shots,hits,blocked,evenTimeOnIce,powerPlayTimeOnIce,shortHandedTimeOnIce,fantasyPoints,FPP60,FPPG,gamesRemain,fantasyPace,last3FPPG
Jack Hughes,ID8481559,NJD,C,10465,8,5,13,10,31,2,3,8461,1967,37,32.8,11.28,4.1,74,335.4,2.62
Sam Reinhart,ID8477933,FLA,C,10140,8,8,3,4,31,3,13,7113,2012,1015,30.900000000000002,10.97,3.86,74,315.64,2.18
Jesper Bratt,ID8479407,NJD,LW,9213,8,6,8,10,20,10,4,6818,1940,455,30.0,11.72,3.75,74,307.5,1.97
Frank Vatrano,ID8478366,ANA,RW,10063,9,9,1,4,31,16,15,7328,1208,1527,33.2,11.88,3.69,73,302.37,1.6
Noah Dobson,ID8480865,NYI,D,12015,8,2,7,4,21,4,25,9675,1510,830,28.0,8.39,3.5,74,287.0,2.15
Auston Matthews,ID8479318,TOR,C,10827,8,7,3,4,38,13,7,8025,1946,856,27.6,9.18,3.45,74,282.3,3.27
David Pastrnak,ID8477956,BOS,RW,10164,9,8,6,4,42,15,1,7967,2151,46,30.2,10.7,3.36,73,275.28,2.84
William Nylander,ID8477939,TOR,RW,9650,8,6,6,4,34,6,3,7470,1879,301,25.5,9.51,3.19,74,261.06,2.24
Jakob Chychrun,ID8479345,OTT,D,10934,8,4,4,3,21,3,18,9264,1421,249,24.9,8.2,3.11,74,254.14,2.07
J.T. Miller,ID8476468,VAN,C,10251,8,4,8,5,19,23,4,7030,2058,1163,24.7,8.67,3.09,74,252.66,2.62
Mikko Rantanen,ID8478420,COL,RW,10017,8,5,7,4,31,6,4,7550,2451,16,24.7,8.88,3.09,74,252.66,2.79
Artemi Panarin,ID8478550,NYR,LW,10094,9,5,10,8,33,1,0,8112,1982,0,27.4,9.77,3.04,73,248.92000000000002,2.16
Cale Makar,ID8480069,COL,D,11445,8,3,6,5,16,5,15,7697,2176,1572,24.1,7.58,3.01,74,246.73999999999998,2.79
Nikita Kucherov,ID8476453,TBL,RW,11338,9,6,5,6,38,2,6,9439,1890,9,27.0,8.57,3.0,73,246.0,2.71
Alex DeBrincat,ID8479337,DET,RW,10620,10,9,4,5,32,5,3,8745,1869,6,29.7,10.07,2.97,72,242.84,2.19
Leon Draisaitl,ID8477934,EDM,C,10764,8,4,9,6,26,4,1,8229,1980,555,23.5,7.86,2.94,74,240.56,3.09
Rasmus Dahlin,ID8480839,BUF,D,13099,9,2,7,3,22,17,20,11078,1808,213,26.4,7.26,2.93,73,239.89000000000001,2.27
Adam Fox,ID8479323,NYR,D,12278,9,3,8,9,14,4,12,9430,2009,839,26.3,7.71,2.92,73,239.16,2.32
Tyler Toffoli,ID8475726,NJD,RW,8165,8,7,3,4,30,6,1,6297,1859,9,23.1,10.18,2.89,74,236.86,1.83
Dylan Larkin,ID8477946,DET,C,11688,10,4,11,10,34,5,2,8675,1830,1183,28.900000000000002,8.9,2.89,72,236.08,2.16
Travis Konecny,ID8478439,PHI,RW,9158,9,8,3,4,31,5,2,6879,1776,503,25.599999999999998,10.06,2.84,73,232.32,1.97
John Tavares,ID8475166,TOR,C,8875,8,4,7,3,33,9,4,7015,1849,11,22.7,9.21,2.84,74,232.16,2.31
Connor McDavid,ID8478402,EDM,C,7554,6,2,7,5,15,10,2,5605,1480,469,17.0,8.1,2.83,74,226.42000000000002,3.44
Elias Pettersson,ID8480012,VAN,C,9912,8,2,11,7,15,11,3,6540,2174,1198,22.6,8.21,2.82,74,230.67999999999998,2.49
Evan Bouchard,ID8480803,EDM,D,9964,8,3,6,5,27,2,10,7850,2013,101,22.4,8.09,2.8,74,229.2,1.66
Robby Fabbri,ID8477952,DET,C,884,1,1,0,1,2,1,0,810,74,0,2.8,11.4,2.8,72,203.6,1.5
Mike Matheson,ID8476875,MTL,D,13216,9,2,4,5,25,7,23,8821,2327,2068,25.2,6.86,2.8,73,229.39999999999998,1.82
Charlie McAvoy,ID8479325,BOS,D,12893,9,2,6,3,19,17,20,9452,1945,1496,25.1,7.01,2.79,73,228.67000000000002,2.29
Alec Martinez,ID8474166,VGK,D,7022,6,1,1,1,6,4,24,6292,87,643,16.5,8.46,2.75,72,214.0,2.01
Brady Tkachuk,ID8480801,OTT,LW,8856,8,6,2,2,33,17,3,6841,1951,64,21.5,8.74,2.69,74,220.06,2.31
Sean Durzi,ID8480434,ARI,D,10997,8,4,3,2,21,3,14,8416,2157,424,21.4,7.01,2.68,74,219.32000000000002,1.97
Rasmus Andersson,ID8478397,CGY,D,7095,5,1,2,2,13,0,14,5235,1238,622,13.3,6.75,2.66,73,207.18,1.94
Shea Theodore,ID8477447,VGK,D,14287,10,3,7,5,26,4,16,11466,2647,174,26.5,6.68,2.65,72,216.79999999999998,1.98
Jacob Trouba,ID8476885,NYR,D,11293,9,1,2,0,15,18,33,9403,41,1849,23.8,7.59,2.64,73,215.72,2.25
Joel Eriksson Ek,ID8478493,MIN,C,10774,9,5,5,4,27,16,5,7510,2377,887,23.8,7.95,2.64,73,215.72,1.99
Moritz Seider,ID8481542,DET,D,13738,10,1,9,5,13,16,20,9971,1815,1952,26.4,6.92,2.64,72,216.08,2.27
Nathan MacKinnon,ID8477492,COL,C,10320,8,4,3,2,47,3,8,8114,2180,26,21.0,7.33,2.62,74,214.88,3.07
Evgeni Malkin,ID8471215,PIT,C,9853,9,5,6,4,30,0,5,7930,1907,16,23.5,8.59,2.61,73,213.53,2.22
Morgan Rielly,ID8476853,TOR,D,11542,8,2,5,3,19,5,16,10386,735,421,20.9,6.52,2.61,74,213.14,1.95
John Carlson,ID8474590,WSH,D,12340,8,1,6,2,18,7,18,8867,2144,1329,20.5,5.98,2.56,74,209.44,2.46
Zach Hyman,ID8475786,EDM,LW,8888,8,3,6,1,22,13,9,6841,1885,162,20.5,8.3,2.56,74,209.44,2.02
Henry Thrun,ID8481567,SJS,D,2225,2,0,2,1,1,0,5,1906,265,54,5.1,8.25,2.55,73,191.14999999999998,1.27
Mason McTavish,ID8482745,ANA,C,9474,9,5,6,3,25,4,5,7976,1436,62,22.9,8.7,2.54,73,207.42000000000002,1.43
Sidney Crosby,ID8471675,PIT,C,10301,9,5,5,3,39,10,3,8399,1869,33,22.9,8.0,2.54,73,207.42000000000002,2.46
Jake Sanderson,ID8482105,OTT,D,11098,8,3,4,3,15,1,14,7666,1790,1642,20.099999999999998,6.52,2.51,74,205.73999999999998,1.83
Ivan Provorov,ID8478500,CBJ,D,12586,9,0,7,4,10,5,24,9258,1389,1939,22.5,6.44,2.5,73,204.5,1.85
Jack Eichel,ID8478403,VGK,C,12089,10,3,7,3,45,5,11,8369,2584,1136,25.0,7.44,2.5,72,205.0,2.34
Tim Stützle,ID8482116,OTT,C,10179,8,2,8,4,29,9,4,7550,2274,355,19.8,7.0,2.48,74,202.52,2.26
Ryan Hartman,ID8477451,MIN,RW,9670,9,6,3,1,25,7,7,7742,1269,659,22.2,8.26,2.47,73,202.31,1.88
Josh Norris,ID8480064,OTT,C,5203,5,3,2,4,15,3,1,3655,1539,9,12.3,8.51,2.46,74,194.04,2.17
Joe Pavelski,ID8470794,DAL,C,6887,7,3,3,2,17,5,10,5821,1030,36,17.2,8.99,2.46,75,201.5,2.24
Claude Giroux,ID8473512,OTT,RW,9202,8,2,7,3,25,5,8,6795,1829,578,19.5,7.63,2.44,74,199.56,1.96
Quinn Hughes,ID8480800,VAN,D,11805,8,3,5,4,27,2,7,8953,2082,770,19.4,5.92,2.42,74,198.07999999999998,1.92
Kaiden Guhle,ID8482087,MTL,D,5882,5,0,3,0,14,7,14,4840,33,1009,12.1,7.41,2.42,73,188.66,1.75
Brad Marchand,ID8473419,BOS,LW,10347,9,5,4,3,26,11,5,6818,2127,1402,21.7,7.55,2.41,73,196.93,2.18
Scott Mayfield,ID8476429,NYI,D,1007,1,0,0,0,2,2,4,960,0,47,2.4,8.58,2.4,74,179.6,1.6
Cole Caufield,ID8481540,MTL,RW,10491,9,4,6,5,37,8,1,8199,2292,0,21.5,7.38,2.39,73,195.47,1.71
Brock Boeser,ID8478444,VAN,RW,9088,8,6,3,1,25,6,1,6982,2079,27,19.1,7.57,2.39,74,195.86,1.65
Boone Jenner,ID8476432,CBJ,C,11410,9,4,1,1,35,10,15,8307,2010,1093,21.5,6.78,2.39,73,195.47,2.14
Ryan O'Reilly,ID8475158,NSH,C,9828,8,4,2,4,17,8,9,6670,2097,1061,19.0,6.96,2.38,74,195.12,1.56
Artem Zub,ID8482245,OTT,D,4309,4,1,2,0,2,8,9,3681,23,605,9.5,7.94,2.38,74,185.12,1.36
Anze Kopitar,ID8471685,LAK,C,10185,8,4,4,2,19,5,7,6895,2299,991,18.900000000000002,6.68,2.36,74,192.64,2.1
Erik Haula,ID8475287,NJD,LW,6208,7,5,1,2,19,6,4,4851,310,1047,16.5,9.57,2.36,74,190.64,1.44
Bo Horvat,ID8477500,NYI,C,9463,8,4,3,3,33,6,5,7531,1486,446,18.9,7.19,2.36,74,192.64,2.17
Chris Kreider,ID8475184,NYR,LW,10096,9,6,2,5,25,11,2,7220,2047,829,21.099999999999998,7.52,2.34,73,191.82,2.23
Alexandre Carrier,ID8478851,NSH,D,9726,8,0,2,1,10,7,29,7424,689,1613,18.7,6.92,2.34,74,191.16,1.49
Steven Stamkos,ID8474564,TBL,C,7853,7,3,5,5,18,5,1,6378,1472,3,16.3,7.47,2.33,73,186.09,2.52
Brandon Hagel,ID8479542,TBL,LW,9563,9,6,4,1,24,6,3,7883,637,1043,21.0,7.91,2.33,73,191.09,1.71
Victor Hedman,ID8475167,TBL,D,13142,9,1,8,3,20,4,14,10196,1787,1159,20.900000000000002,5.73,2.32,73,189.35999999999999,2.41
Drew Doughty,ID8474563,LAK,D,12595,8,4,2,1,15,15,10,9192,2271,1132,18.5,5.29,2.31,74,188.94,2.01
Kevin Fiala,ID8477942,LAK,LW,8749,8,1,10,3,18,2,6,6359,2325,65,18.5,7.61,2.31,74,188.94,2.07
Bryan Rust,ID8475810,PIT,RW,10132,9,5,2,0,29,3,11,8565,716,851,20.7,7.35,2.3,73,187.89999999999998,1.84
Mika Zibanejad,ID8476459,NYR,C,10563,9,2,7,6,30,2,7,7409,1973,1181,20.7,7.05,2.3,73,187.89999999999998,2.36
MacKenzie Weegar,ID8477346,CGY,D,11783,9,1,2,2,26,6,25,9564,669,1550,20.7,6.32,2.3,73,187.89999999999998,1.89
Travis Sanheim,ID8477948,PHI,D,13876,9,1,7,3,22,8,14,10762,1579,1535,20.5,5.32,2.28,73,186.44,1.56
Josh Brown,ID8477384,ARI,D,3422,4,1,0,0,2,9,12,2946,0,476,9.1,9.57,2.28,74,177.72,1.25
Teuvo Teravainen,ID8476882,CAR,LW,9644,10,8,1,4,22,4,2,6702,1835,1107,22.6,8.44,2.26,72,184.71999999999997,1.58
Shayne Gostisbehere,ID8476906,DET,D,11692,10,3,6,6,16,4,11,9399,1837,456,22.5,6.93,2.25,72,184.0,1.81
Jaccob Slavin,ID8476958,CAR,D,12403,10,3,4,2,26,4,17,10292,48,2063,22.5,6.53,2.25,72,184.0,1.56
Jake Walman,ID8478013,DET,D,12421,10,2,3,2,17,3,25,9821,805,1795,22.5,6.52,2.25,72,184.0,1.5
Brett Pesce,ID8477488,CAR,D,5804,5,1,1,0,7,5,14,4792,85,927,11.2,6.95,2.24,72,172.28000000000003,1.45
Dougie Hamilton,ID8476462,NJD,D,10433,8,3,3,3,27,2,9,9312,980,141,17.9,6.18,2.24,74,182.76000000000002,2.12
Mats Zuccarello,ID8475692,MIN,RW,10223,9,2,7,4,25,1,9,7614,2600,9,20.1,7.08,2.23,73,182.79,2.08
Kirill Kaprizov,ID8478864,MIN,LW,11969,9,2,7,4,37,3,6,9257,2674,38,20.0,6.02,2.22,73,182.06,2.67
Brayden McNabb,ID8475188,VGK,D,12263,10,0,5,0,8,14,30,10447,7,1809,22.2,6.52,2.22,72,181.84,1.89
Niko Mikkola,ID8478859,FLA,D,9295,8,1,2,0,16,11,22,8181,13,1101,17.7,6.86,2.21,74,180.54,1.21
Samuel Fagemo,ID8481239,NSH,LW,1330,2,1,0,1,4,0,3,996,334,0,4.4,11.91,2.2,74,166.8,1.04
Danton Heinen,ID8478046,BOS,LW,540,1,0,0,0,2,0,4,527,0,13,2.2,14.67,2.2,73,162.60000000000002,1.08
Brayden Point,ID8478010,TBL,C,10970,9,2,8,5,26,1,5,9111,1837,22,19.7,6.46,2.19,73,178.87,2.31
Clayton Keller,ID8479343,ARI,RW,9628,8,4,4,3,28,1,2,7364,2247,17,17.4,6.51,2.17,74,177.57999999999998,2.07
Wyatt Johnston,ID8482740,DAL,C,7178,7,3,4,0,14,3,7,5958,757,463,15.200000000000001,7.62,2.17,75,177.75,1.32
Jeff Skinner,ID8475784,BUF,LW,9481,9,5,4,1,34,0,3,7656,1781,44,19.4,7.37,2.16,73,176.68,1.91
Josh Morrissey,ID8477504,WPG,D,13614,9,1,6,3,24,9,13,11047,2470,97,19.3,5.1,2.14,73,175.22,2.12
Jaden Schwartz,ID8475768,SEA,C,10390,10,4,4,4,30,9,7,9039,1332,19,21.4,7.41,2.14,72,175.08,1.48
Seth Jarvis,ID8482093,CAR,C,11603,10,4,5,5,28,15,3,8252,2346,1005,21.3,6.61,2.13,72,174.35999999999999,1.35
Justin Barron,ID8482111,MTL,D,6573,6,3,0,0,7,10,10,5968,85,520,12.700000000000001,6.96,2.12,73,166.76000000000002,1.32
Cam Atkinson,ID8474715,PHI,RW,9422,9,5,3,2,24,2,5,6847,1709,866,19.1,7.3,2.12,73,173.76000000000002,1.73
Sean Monahan,ID8477497,MTL,C,10262,9,5,3,5,22,2,2,6759,2288,1215,18.9,6.63,2.1,73,171.3,1.22
Nicholas Paul,ID8477426,TBL,LW,8727,9,5,2,4,17,7,5,6691,1814,222,18.9,7.8,2.1,73,171.3,1.31
Roman Josi,ID8474600,NSH,D,11531,8,1,4,2,29,8,12,8995,2354,182,16.7,5.21,2.09,74,170.66,2.9
Trevor Moore,ID8479675,LAK,LW,8173,8,5,2,1,26,6,2,6321,1144,708,16.7,7.36,2.09,74,170.66,1.39
Mikhail Sergachev,ID8479410,TBL,D,12514,9,0,5,3,13,4,21,10820,859,835,18.7,5.38,2.08,73,169.84,2.1
Roope Hintz,ID8478449,DAL,C,5983,6,3,3,1,19,1,2,4833,762,388,12.5,7.52,2.08,75,168.0,2.27
Ryan Strome,ID8476458,ANA,C,9551,9,2,9,1,16,5,6,7583,1760,208,18.6,7.01,2.07,73,169.10999999999999,1.31
William Karlsson,ID8476448,VGK,C,9973,10,3,8,2,18,3,7,7722,998,1253,20.6,7.44,2.06,72,168.32,1.44
Mikey Anderson,ID8479998,LAK,D,9368,8,1,6,1,8,17,11,8111,16,1241,16.5,6.34,2.06,74,168.44,1.38
Filip Forsberg,ID8476887,NSH,LW,9350,8,1,6,4,36,13,3,7210,2136,4,16.4,6.31,2.05,74,167.7,2.48
Alex Ovechkin,ID8471214,WSH,LW,9708,8,2,6,2,37,12,1,7147,2561,0,16.4,6.08,2.05,74,167.7,2.67
TJ Brodie,ID8474673,TOR,D,10136,8,0,1,0,7,6,28,8624,11,1501,16.3,5.79,2.04,74,166.96,1.33
Jake Guentzel,ID8477404,PIT,LW,10769,9,2,7,2,32,7,5,8863,1885,21,18.400000000000002,6.15,2.04,73,166.92000000000002,2.34
Tom Wilson,ID8476880,WSH,RW,8547,8,2,3,2,21,26,7,6949,721,877,16.2,6.82,2.02,74,165.48,1.98
Jesperi Kotkaniemi,ID8480829,CAR,C,9441,10,4,6,2,26,6,4,7820,1523,98,20.2,7.7,2.02,72,165.44,1.18
Pavel Mintyukov,ID8483490,ANA,D,10345,9,1,5,0,15,21,15,8131,1801,413,18.1,6.3,2.01,73,164.73,2.01
Matt Roy,ID8478911,LAK,D,10260,8,0,3,1,18,18,18,8475,312,1473,16.1,5.65,2.01,74,164.73999999999998,1.64
Kyle Palmieri,ID8475151,NYI,C,8656,8,3,4,3,19,7,4,6963,1299,394,16.1,6.7,2.01,74,164.73999999999998,1.36
Adrian Kempe,ID8477960,LAK,RW,9437,8,2,6,3,26,15,1,6504,2147,786,16.1,6.14,2.01,74,164.73999999999998,2.0
Jack McBain,ID8480855,ARI,C,6001,8,4,2,0,12,22,5,4867,89,1045,15.9,9.54,1.99,74,162.26,1.32
Mark Giordano,ID8470966,TOR,D,8010,8,1,1,0,15,9,21,6627,24,1359,15.899999999999999,7.15,1.99,74,162.26,1.72
Vladimir Tarasenko,ID8475765,OTT,RW,7251,8,3,6,2,14,10,1,5871,1380,0,15.9,7.89,1.99,74,162.26,2.07
Mark Scheifele,ID8476460,WPG,C,11694,9,4,4,2,19,4,5,9278,2400,16,17.8,5.48,1.98,73,161.54,2.13
Dylan Strome,ID8478440,WSH,C,8611,8,6,0,2,17,1,2,7058,1533,20,15.799999999999999,6.61,1.98,74,161.52,1.65
Colton Parayko,ID8476892,STL,D,9953,7,1,0,0,11,7,20,8926,36,991,13.8,4.99,1.97,75,160.75,1.75
Mattias Samuelsson,ID8480807,BUF,D,11123,9,1,2,0,7,19,22,8855,14,2254,17.6,5.7,1.96,73,160.07999999999998,1.4
Aleksander Barkov,ID8477493,FLA,C,8887,7,2,6,1,14,8,2,6386,1702,799,13.700000000000001,5.55,1.96,74,158.04,2.61
Michael Carcone,ID8479619,ARI,LW,4075,7,4,2,1,12,5,3,3781,162,132,13.7,12.1,1.96,74,158.04,1.15
Jack Roslovic,ID8478458,CBJ,C,7730,8,2,4,2,20,2,9,6503,701,526,15.7,7.31,1.96,73,158.07999999999998,1.34
David Savard,ID8475233,MTL,D,6111,5,0,2,0,4,4,14,4547,5,1559,9.8,5.77,1.96,73,152.07999999999998,1.84
Ilya Lyubushkin,ID8480950,ANA,D,9182,9,0,0,0,7,18,30,7262,19,1901,17.5,6.86,1.94,73,158.62,1.22
Thomas Chabot,ID8478469,OTT,D,10213,7,0,3,0,18,2,17,8550,1361,302,13.5,4.76,1.93,74,155.82,2.12
Mario Ferraro,ID8479983,SJS,D,11927,9,0,2,0,24,15,23,10043,53,1831,17.4,5.25,1.93,73,157.89,1.63
Darnell Nurse,ID8477498,EDM,D,10828,8,1,1,0,18,16,18,8813,583,1432,15.4,5.12,1.92,74,157.07999999999998,2.13
Tage Thompson,ID8479420,BUF,C,10554,9,4,2,3,36,7,3,7122,1765,1667,17.3,5.9,1.92,73,157.16,2.32
Kyle Connor,ID8478398,WPG,LW,11737,9,5,2,2,37,1,1,9199,2525,13,17.3,5.31,1.92,73,157.16,2.28
Evan Rodrigues,ID8478542,FLA,C,9106,8,2,6,2,26,7,2,7073,2020,13,15.299999999999999,6.05,1.91,74,156.34,1.42
Mathieu Joseph,ID8478472,OTT,RW,7437,8,3,4,1,13,5,6,6039,207,1191,15.3,7.41,1.91,74,156.34,1.09
Jake Middleton,ID8478136,MIN,D,10062,9,1,5,1,9,8,16,9082,72,908,17.2,6.15,1.91,73,156.43,1.51
Filip Hronek,ID8479425,VAN,D,11782,8,0,7,1,16,7,11,9607,782,1393,15.3,4.67,1.91,74,156.34,1.53
Jonas Brodin,ID8476463,MIN,D,12387,9,1,3,0,13,3,21,10387,697,1303,17.1,4.97,1.9,73,155.7,1.64
Seth Jones,ID8477495,CHI,D,13724,9,0,4,0,19,7,21,9848,2317,1559,17.1,4.49,1.9,73,155.7,2.12
Martin Necas,ID8480039,CAR,C,11170,10,4,5,3,29,6,2,8880,2218,72,19.0,6.12,1.9,72,155.79999999999998,1.52
Nick Schmaltz,ID8477951,ARI,C,9620,8,2,6,3,17,0,4,7412,2140,68,15.2,5.69,1.9,74,155.6,1.82
Nick Suzuki,ID8480018,MTL,C,11336,9,2,6,4,23,5,4,8383,2355,598,16.8,5.34,1.87,73,152.51000000000002,1.85
Jared McCann,ID8477955,SEA,LW,10313,10,5,2,2,33,3,4,8188,1348,777,18.6,6.49,1.86,72,151.92000000000002,1.88
Mitchell Marner,ID8478483,TOR,RW,10681,8,2,5,4,21,3,3,7685,1931,1065,14.9,5.02,1.86,74,151.64000000000001,2.52
Dmitry Kulikov,ID8475179,FLA,D,8897,8,0,5,1,5,13,15,7779,53,1065,14.8,5.99,1.85,74,150.9,1.33
Ryan Johansen,ID8475793,COL,C,7994,8,4,1,4,23,5,2,5464,2365,165,14.8,6.66,1.85,74,150.9,1.55
Brock Nelson,ID8475754,NYI,C,8383,8,4,1,0,31,6,4,6822,1393,168,14.7,6.31,1.84,74,150.16,2.02
Evander Kane,ID8475169,EDM,LW,8837,8,2,4,1,23,34,1,7454,969,414,14.7,5.99,1.84,74,150.16,2.11
Matthew Tkachuk,ID8479314,FLA,LW,9430,8,1,6,1,34,12,3,7084,2232,114,14.6,5.57,1.82,74,148.68,2.61
Miro Heiskanen,ID8480036,DAL,D,10504,7,1,3,2,13,4,10,8683,1074,747,12.7,4.35,1.81,75,147.75,1.93
Dylan DeMelo,ID8476331,WPG,D,11670,9,1,4,1,10,13,15,9659,47,1964,16.3,5.03,1.81,73,148.13,1.32
Erik Karlsson,ID8474578,PIT,D,13714,9,2,4,2,21,7,9,11484,1827,403,16.3,4.28,1.81,73,148.13,2.21
Erik Gudbranson,ID8475790,CBJ,D,10529,9,0,0,0,10,8,29,8495,26,2008,16.3,5.57,1.81,73,148.13,1.38
Sean Couturier,ID8476461,PHI,C,10601,9,2,6,4,20,2,4,7786,1819,996,16.2,5.5,1.8,73,147.4,1.61
Mason Appleton,ID8478891,WPG,C,8525,9,3,4,1,13,4,8,7369,57,1099,16.2,6.84,1.8,73,147.4,0.93
Sean Walker,ID8480336,PHI,D,10891,9,2,2,2,12,15,13,9492,323,1076,16.2,5.35,1.8,73,147.4,1.31
Matt Boldy,ID8481557,MIN,LW,2058,2,1,1,0,6,0,0,1701,357,0,3.6,6.3,1.8,73,134.4,1.85
Andrew Peeke,ID8479369,CBJ,D,1030,1,0,0,0,0,3,3,875,0,155,1.8,6.29,1.8,73,132.4,1.68
Thomas Harley,ID8481581,DAL,D,8100,7,2,2,0,8,3,11,7845,107,148,12.600000000000001,5.6,1.8,75,147.0,0.98
Artturi Lehkonen,ID8477476,COL,LW,9335,8,2,4,4,26,8,2,6135,2234,966,14.399999999999999,5.55,1.8,74,147.20000000000002,1.68
Justin Faulk,ID8475753,STL,D,9671,7,0,1,0,13,12,18,8153,820,698,12.5,4.65,1.79,75,146.25,1.99
K'Andre Miller,ID8480817,NYR,D,11395,9,1,6,1,6,5,13,9704,421,1270,16.1,5.09,1.79,73,146.67000000000002,1.48
Oliver Ekman-Larsson,ID8475171,FLA,D,11459,8,1,2,2,21,6,13,8629,1876,954,14.2,4.46,1.78,74,145.72,1.3
Ridly Greig,ID8482092,OTT,C,7593,8,2,5,1,18,14,3,5952,982,659,14.2,6.73,1.78,74,145.72,1.23
Nick Bonino,ID8474009,NYR,C,5766,9,0,0,0,3,2,31,4644,1,1121,16.0,9.99,1.78,73,145.94,1.39
Michael Bunting,ID8478047,CAR,LW,10762,10,3,5,4,20,2,5,8310,2452,0,17.7,5.92,1.77,72,144.44,1.49
Brady Skjei,ID8476869,CAR,D,12423,10,1,6,2,17,5,13,10669,161,1593,17.7,5.13,1.77,72,144.44,1.43
Tyler Myers,ID8474574,VAN,D,8092,8,2,2,1,9,7,12,6897,121,1074,14.1,6.27,1.76,74,144.24,1.46
Tanner Pearson,ID8476871,MTL,LW,7540,9,3,2,1,19,14,8,5710,942,888,15.8,7.54,1.76,73,143.48,1.34
Cam Fowler,ID8475764,ANA,D,13107,9,1,3,2,11,2,17,9398,1321,2388,15.8,4.34,1.76,73,143.48,1.69
Nic Dowd,ID8475343,WSH,C,1745,2,0,0,0,0,0,7,1280,5,460,3.5,7.22,1.75,74,132.5,1.35
Patrik Laine,ID8479339,CBJ,LW,4089,4,1,1,0,9,1,6,3293,796,0,7.0,6.16,1.75,73,134.75,2.08
Paul Cotter,ID8481032,VGK,C,7867,10,3,3,3,12,37,4,7413,454,0,17.4,7.96,1.74,72,142.28,1.23
Colton Sissons,ID8476925,NSH,C,7282,8,4,0,1,13,11,6,6055,255,972,13.9,6.87,1.74,74,141.76,1.21
Timo Meier,ID8478414,NJD,RW,8032,8,1,6,3,15,14,3,6975,1051,6,13.9,6.23,1.74,74,141.76,2.44
Jamie Benn,ID8473994,DAL,LW,6340,7,2,4,0,12,5,5,4887,903,550,12.200000000000001,6.93,1.74,75,142.5,1.87
Connor Bedard,ID8484144,CHI,C,10666,9,4,2,1,28,7,3,8217,2444,5,15.5,5.23,1.72,73,140.56,1.72
Egor Zamula,ID8481178,PHI,D,7346,7,1,2,1,8,2,13,7024,147,175,12.0,5.88,1.71,73,136.82999999999998,1.12
Nick Bjugstad,ID8475760,ARI,C,7408,8,2,2,2,14,8,9,5545,1007,856,13.7,6.66,1.71,74,139.54,1.12
Sebastian Aho,ID8478427,CAR,C,8559,7,1,5,4,24,1,1,6211,1480,868,12.0,5.05,1.71,72,135.12,2.1
Jonas Rondbjerg,ID8480007,VGK,RW,1361,2,1,1,0,4,0,0,1292,0,69,3.4,8.99,1.7,72,125.39999999999999,0.61
Radko Gudas,ID8475462,ANA,D,9931,9,1,0,0,12,20,20,7855,52,2024,15.2,5.51,1.69,73,138.37,1.66
Nino Niederreiter,ID8475799,WPG,RW,7876,9,2,4,0,19,8,9,6620,1239,17,15.2,6.95,1.69,73,138.37,1.48
Tommy Novak,ID8478438,NSH,C,7084,8,4,2,3,13,1,1,5705,1366,13,13.4,6.81,1.68,74,137.32,1.36
Adam Henrique,ID8474641,ANA,C,7345,8,1,4,3,7,7,9,4875,1074,1396,13.4,6.57,1.68,73,135.64,1.75
Vince Dunn,ID8478407,SEA,D,14458,10,1,7,6,16,6,5,12703,1675,80,16.7,4.16,1.67,72,136.24,1.69
Dylan Cozens,ID8481528,BUF,C,8628,9,3,4,2,19,10,2,6805,1739,84,14.9,6.22,1.66,73,135.18,1.49
Logan Cooley,ID8483431,ARI,C,8128,8,0,6,5,8,4,7,6106,1881,141,13.2,5.85,1.65,74,135.1,1.65
Ryan McDonagh,ID8474151,NSH,D,9842,8,0,2,0,6,5,20,7981,89,1772,13.100000000000001,4.79,1.64,74,134.36,1.66
Connor Murphy,ID8476473,CHI,D,10068,9,0,1,0,4,24,22,8624,85,1359,14.8,5.29,1.64,73,133.72,1.71
Bobby Brink,ID8481553,PHI,RW,7929,8,2,4,2,15,1,5,6538,1391,0,13.1,5.95,1.64,73,132.72,1.22
Zach Werenski,ID8478460,CBJ,D,9640,7,1,4,0,22,2,6,7455,1569,616,11.4,4.26,1.63,73,129.99,2.03
Reilly Smith,ID8475191,PIT,RW,8441,9,4,3,1,21,6,1,6967,774,700,14.700000000000001,6.27,1.63,73,132.99,1.65
Luke Hughes,ID8482684,NJD,D,9432,8,1,5,4,14,1,5,7585,1841,6,13.0,4.96,1.62,74,132.88,1.78
Ryan Nugent-Hopkins,ID8476454,EDM,C,9670,8,2,5,3,19,6,0,6940,1940,790,13.0,4.84,1.62,74,132.88,2.17
Jason Zucker,ID8475722,ARI,LW,3927,5,2,0,2,14,7,2,3418,509,0,8.1,7.43,1.62,74,127.88000000000001,1.57
Alex Pietrangelo,ID8474565,VGK,D,7531,5,0,2,1,10,1,9,5696,535,1300,8.1,3.87,1.62,72,124.64000000000001,2.34
Kaedan Korczak,ID8481527,VGK,D,5603,6,1,3,1,7,10,5,5199,209,195,9.7,6.23,1.62,72,125.64000000000001,1.19
Eeli Tolvanen,ID8480009,SEA,RW,9248,10,1,3,1,17,24,13,7767,1481,0,16.1,6.27,1.61,72,131.92000000000002,1.42
Adam Pelech,ID8476917,NYI,D,10892,8,0,1,0,10,9,20,9347,7,1538,12.9,4.26,1.61,74,131.14,1.56
Dakota Mermis,ID8477541,MIN,D,6305,7,2,2,0,6,2,9,5870,157,278,11.3,6.45,1.61,73,128.53,1.27
Jamie Oleksiak,ID8476467,SEA,D,11537,10,0,1,0,12,13,25,9995,10,1532,16.0,4.99,1.6,72,131.2,1.38
Mathew Barzal,ID8478445,NYI,C,8635,8,1,5,3,31,2,2,7085,1542,8,12.8,5.34,1.6,74,130.4,1.68
Owen Tippett,ID8480015,PHI,RW,8585,9,2,4,0,32,7,5,7167,1410,8,14.4,6.04,1.6,73,130.8,1.54
Ilya Mikheyev,ID8481624,VAN,RW,3415,4,2,1,0,14,0,0,3045,320,50,6.4,6.75,1.6,74,124.4,1.48
Jonas Siegenthaler,ID8478399,NJD,D,9502,8,0,3,0,8,15,15,8007,32,1463,12.8,4.85,1.6,74,130.4,1.39
Carl Grundstrom,ID8479336,LAK,RW,4838,8,3,1,1,12,16,5,4630,77,131,12.8,9.52,1.6,74,130.4,1.1
Scott Laughton,ID8476872,PHI,C,7807,9,0,6,1,27,11,8,6794,281,732,14.3,6.59,1.59,73,130.07,1.54
Ryan Pulock,ID8477506,NYI,D,11885,8,0,1,0,9,18,18,9906,391,1588,12.7,3.85,1.59,74,129.66000000000003,1.73
Mark Stone,ID8475913,VGK,RW,11777,10,2,5,2,13,5,8,8194,2488,1095,15.799999999999999,4.83,1.58,72,128.76,1.84
Carson Soucy,ID8477369,VAN,D,6129,6,2,0,1,6,8,7,5255,89,785,9.4,5.52,1.57,74,125.18,1.29
Matthew Poitras,ID8483505,BOS,C,8217,9,3,2,0,16,0,9,7431,766,20,14.100000000000001,6.18,1.57,73,128.61,1.57
Brock Faber,ID8482122,MIN,D,12662,9,1,2,0,12,4,17,11207,96,1359,14.1,4.01,1.57,73,128.61,1.7
Dante Fabbro,ID8479371,NSH,D,7333,7,0,1,0,7,8,17,6692,48,593,11.0,5.4,1.57,74,127.18,1.35
Pavel Zacha,ID8478401,BOS,C,10237,9,3,3,1,21,14,2,6893,1970,1374,14.0,4.92,1.56,73,127.88000000000001,1.33
Charlie Coyle,ID8475745,BOS,C,9067,9,1,5,1,13,12,8,7124,193,1750,14.0,5.56,1.56,73,127.88000000000001,1.36
Andrew Copp,ID8477429,DET,C,10883,10,3,2,1,30,1,8,8154,910,1819,15.6,5.16,1.56,72,127.32000000000001,1.41
Jamie Drysdale,ID8482142,ANA,D,2700,2,0,2,0,3,3,1,2065,279,356,3.0999999999999996,4.13,1.55,73,116.15,1.14
Casey Cizikas,ID8475231,NYI,C,6295,8,2,2,1,8,20,6,5215,19,1061,12.3,7.03,1.54,74,125.96000000000001,1.04
Joel Farabee,ID8480797,PHI,LW,8315,9,4,2,0,19,4,3,7079,1070,166,13.8,5.97,1.53,73,124.69,1.33
Brent Burns,ID8470613,CAR,D,13201,10,2,2,3,26,2,10,9811,1771,1619,15.3,4.17,1.53,72,125.16,2.03
Lucas Raymond,ID8482078,DET,LW,9739,10,3,5,1,22,5,2,8712,997,30,15.2,5.62,1.52,72,124.44,1.45
Derek Forbort,ID8475762,BOS,D,9140,8,0,2,0,8,13,16,7041,25,2074,12.1,4.77,1.51,73,122.23,1.28
Ben Chiarot,ID8475279,DET,D,11782,10,1,1,0,15,16,18,10344,155,1283,15.1,4.61,1.51,72,123.72,1.74
Marcus Foligno,ID8475220,MIN,LW,8103,9,2,3,0,9,32,5,6767,948,388,13.600000000000001,6.04,1.51,73,123.23,1.47
Joe Veleno,ID8480813,DET,C,8567,10,5,1,0,13,8,4,8039,36,492,15.100000000000001,6.35,1.51,72,123.72,0.94
Jordan Oesterle,ID8477851,CGY,D,2638,3,0,0,0,4,1,8,2602,0,36,4.5,6.14,1.5,73,113.5,1.02
Alex Vlasic,ID8481568,CHI,D,8675,8,0,3,0,8,7,15,7570,9,1096,12.0,4.98,1.5,73,121.5,1.11
Tanner Jeannot,ID8479661,TBL,LW,7601,9,2,3,1,15,25,4,6960,641,0,13.5,6.39,1.5,73,122.5,1.52
Chandler Stephenson,ID8476905,VGK,C,11876,10,2,6,3,10,5,4,8230,2339,1307,15.0,4.55,1.5,72,123.0,1.69
Gustav Nyquist,ID8474679,NSH,C,7527,8,1,3,3,15,10,6,6054,1120,353,12.0,5.74,1.5,74,123.0,1.42
Leo Carlsson,ID8484153,ANA,C,5773,5,2,1,0,12,3,2,4632,1093,48,7.5,4.68,1.5,73,116.5,1.5
Bowen Byram,ID8481524,COL,D,8957,8,1,1,0,11,13,13,8297,401,259,11.9,4.78,1.49,74,121.26,1.71
Robert Thomas,ID8480023,STL,C,8937,7,1,4,0,16,3,5,6678,1437,822,10.4,4.19,1.49,75,121.75,1.73
Matias Maccelli,ID8481711,ARI,LW,7458,8,1,5,3,15,4,3,6416,967,75,11.9,5.74,1.49,74,121.26,1.18
Trevor van Riemsdyk,ID8477845,WSH,D,9543,8,0,1,1,8,1,19,8275,34,1234,11.9,4.49,1.49,74,121.26,1.47
Adam Lowry,ID8476392,WPG,C,8381,9,2,4,1,10,18,4,7123,59,1199,13.299999999999999,5.71,1.48,73,121.03999999999999,1.24
Alexander Romanov,ID8481014,NYI,D,9977,8,0,0,0,13,10,19,9115,16,846,11.8,4.26,1.48,74,120.52,1.55
Damon Severson,ID8476923,CBJ,D,10869,9,1,2,1,8,5,15,9432,624,813,13.3,4.41,1.48,73,121.03999999999999,1.55
Vladislav Gavrikov,ID8478882,LAK,D,10470,8,2,1,0,10,3,11,8971,151,1348,11.8,4.06,1.48,74,120.52,1.51
Carter Verhaeghe,ID8477409,FLA,C,8795,8,3,1,1,26,2,3,7715,1060,20,11.8,4.83,1.48,74,120.52,1.73
John Marino,ID8478507,NJD,D,9814,8,0,5,0,5,3,12,7887,102,1825,11.8,4.33,1.48,74,120.52,1.14
Oliver Bjorkstrand,ID8477416,SEA,RW,9981,10,2,6,3,21,11,0,8515,1466,0,14.7,5.3,1.47,72,119.84,1.58
Stefan Noesen,ID8476474,CAR,RW,7096,10,2,6,3,13,9,2,5731,1353,12,14.7,7.46,1.47,72,119.84,1.16
Adam Fantilli,ID8484166,CBJ,C,8841,9,2,3,2,23,4,5,7348,1493,0,13.2,5.37,1.47,73,120.31,1.47
Cole Guttman,ID8480252,CHI,C,1764,3,1,0,0,4,0,4,1592,4,168,4.4,8.98,1.47,73,111.31,1.26
Kris Letang,ID8471724,PIT,D,13205,9,0,5,0,17,15,10,11311,590,1304,13.2,3.6,1.47,73,120.31,2.33
Luke Evangelista,ID8482146,NSH,RW,7176,8,1,4,2,16,1,6,5634,1542,0,11.700000000000001,5.87,1.46,74,119.03999999999999,1.38
Alex Iafallo,ID8480113,WPG,LW,9519,9,3,1,2,25,1,5,7038,2252,229,13.1,4.95,1.46,73,119.58,1.43
Jason Robertson,ID8480027,DAL,LW,7445,7,1,5,1,19,3,1,6390,1021,34,10.2,4.93,1.46,75,119.5,2.46
Noah Hanifin,ID8478396,CGY,D,12598,9,0,4,2,15,6,12,9705,1544,1349,13.1,3.74,1.46,73,119.58,1.66
Ryan Graves,ID8477435,PIT,D,11223,9,0,2,0,15,6,18,9918,2,1303,13.1,4.2,1.46,73,119.58,1.65
Adam Larsson,ID8476457,SEA,D,14596,10,0,0,0,14,26,21,12882,125,1589,14.5,3.58,1.45,72,118.39999999999999,1.8
Matt Benning,ID8476988,SJS,D,8873,8,0,1,0,9,7,18,7523,4,1346,11.600000000000001,4.71,1.45,73,116.85,1.17
Will Borgen,ID8478840,SEA,D,10223,10,0,4,0,17,18,14,9255,0,968,14.5,5.11,1.45,72,118.39999999999999,1.17
Jason Dickinson,ID8477450,CHI,C,7778,9,1,1,0,11,19,14,6242,49,1487,13.0,6.02,1.44,73,118.11999999999999,1.15
Nicolas Roy,ID8478462,VGK,C,6327,7,3,1,0,13,3,3,5156,561,610,10.1,5.75,1.44,72,113.67999999999999,1.29
Michael Rasmussen,ID8479992,DET,C,9254,10,1,2,0,15,14,15,8091,51,1112,14.399999999999999,5.6,1.44,72,117.67999999999999,1.38
Jonathan Marchessault,ID8476539,VGK,RW,10409,10,3,2,2,33,15,1,8021,2386,2,14.3,4.95,1.43,72,116.96,1.81
Alex Barré-Boulet,ID8479718,TBL,C,5683,7,3,2,1,14,1,0,5186,497,0,10.0,6.33,1.43,73,114.39,0.99
J.T. Compher,ID8477456,DET,LW,11313,10,2,4,1,15,3,8,8488,967,1858,14.3,4.55,1.43,72,116.96,1.52
Erik Gustafsson,ID8476979,NYR,D,9567,9,2,2,1,15,3,9,8775,664,128,12.799999999999999,4.82,1.42,73,115.66,1.31
Tomas Hertl,ID8476881,SJS,C,11012,9,1,4,1,18,10,7,8716,1646,650,12.8,4.18,1.42,73,115.66,1.92
James van Riemsdyk,ID8474037,BOS,LW,7460,9,3,2,3,21,2,2,5633,1827,0,12.799999999999999,6.18,1.42,73,115.66,1.19
Braden Schneider,ID8482073,NYR,D,8404,9,1,1,0,10,13,15,7955,22,427,12.8,5.48,1.42,73,115.66,1.29
Josh Manson,ID8476312,COL,D,7749,8,0,1,1,11,13,15,6212,6,1531,11.4,5.3,1.42,74,116.08,1.36
Alex Tuch,ID8477949,BUF,RW,9789,9,1,4,1,19,4,8,7141,1742,906,12.8,4.71,1.42,73,115.66,2.14
Phillip Di Giuseppe,ID8476858,VAN,LW,7290,8,2,2,0,9,10,7,6510,21,759,11.4,5.63,1.42,74,116.08,1.26
Kiefer Sherwood,ID8480748,NSH,LW,5721,8,2,2,0,12,17,5,5567,13,141,11.4,7.17,1.42,74,116.08,1.24
Pat Maroon,ID8474034,MIN,LW,7428,9,1,6,0,17,10,4,6953,475,0,12.7,6.16,1.41,73,114.92999999999999,0.79
Elias Lindholm,ID8477496,CGY,C,11361,9,2,4,3,20,7,1,7874,2016,1471,12.700000000000001,4.02,1.41,73,114.92999999999999,2.07
Chris Tanev,ID8475690,CGY,D,9900,9,0,0,0,13,4,22,7971,59,1870,12.700000000000001,4.62,1.41,73,114.92999999999999,1.49
Emil Bemstrom,ID8480205,CBJ,RW,6586,8,3,0,3,16,2,4,5386,1138,62,11.3,6.18,1.41,73,113.92999999999999,0.91
Casey Mittelstadt,ID8479999,BUF,C,8904,9,2,5,0,12,0,5,7907,961,36,12.7,5.13,1.41,73,114.92999999999999,1.25
Owen Power,ID8482671,BUF,D,12360,9,0,5,0,15,2,12,10121,964,1275,12.7,3.7,1.41,73,114.92999999999999,1.31
Radim Zohorna,ID8482241,PIT,LW,3310,5,2,1,0,11,9,0,3233,77,0,7.0,7.61,1.4,73,109.19999999999999,0.76
Dmitri Voronkov,ID8481716,CBJ,LW,1883,3,1,1,1,1,1,1,1491,392,0,4.2,8.03,1.4,73,106.19999999999999,1.4
Alex Goligoski,ID8471274,MIN,D,2055,2,0,0,0,1,2,5,1826,134,95,2.8,4.91,1.4,73,104.19999999999999,1.25
Darren Raddysh,ID8478178,TBL,D,10486,9,0,5,0,10,6,12,9860,124,502,12.6,4.33,1.4,73,114.19999999999999,1.11
Vincent Trocheck,ID8476389,NYR,C,10240,9,1,3,3,15,15,6,7497,2036,707,12.5,4.39,1.39,73,113.47,1.78
Jordan Kyrou,ID8479385,STL,C,8033,7,1,2,1,23,4,5,6627,1406,0,9.7,4.35,1.39,75,113.24999999999999,2.0
Jake Bean,ID8479402,CBJ,D,9179,9,1,2,0,13,6,13,8619,44,516,12.4,4.86,1.38,73,112.74,1.29
Corey Perry,ID8470621,CHI,RW,8222,9,2,4,0,14,10,4,5916,2306,0,12.4,5.43,1.38,73,112.74,1.07
Andrei Kuzmenko,ID8483808,VAN,LW,7531,8,2,4,2,15,0,1,5454,2077,0,11.0,5.26,1.38,74,113.11999999999999,1.78
Pierre-Luc Dubois,ID8479400,LAK,C,8550,8,3,2,0,20,5,1,6244,2253,53,11.0,4.63,1.38,74,113.11999999999999,1.96
Martin Fehervary,ID8480796,WSH,D,9057,8,0,0,0,11,19,16,8044,23,990,11.0,4.37,1.38,74,113.11999999999999,1.6
Daniel Sprong,ID8478466,DET,RW,8351,10,3,4,0,26,2,2,7379,972,0,13.8,5.95,1.38,72,112.35999999999999,1.26
Jan Rutta,ID8480172,SJS,D,10273,9,0,0,0,9,4,22,8663,244,1366,12.3,4.31,1.37,73,112.01,1.04
Jackson LaCombe,ID8481605,ANA,D,10648,9,0,3,0,7,6,16,8518,232,1898,12.3,4.16,1.37,73,112.01,1.55
Cam York,ID8481546,PHI,D,12651,9,1,2,0,15,3,13,10190,1650,811,12.3,3.5,1.37,73,112.01,1.29
John Klingberg,ID8475906,TOR,D,9998,8,0,5,2,8,6,7,8196,1798,4,10.9,3.92,1.36,74,110.64,1.6
Logan O'Connor,ID8481186,COL,RW,5500,8,3,1,3,10,4,2,4194,0,1306,10.9,7.13,1.36,74,110.64,1.06
Rafael Harvey-Pinard,ID8481093,MTL,LW,7771,9,0,4,1,9,13,11,6222,11,1538,12.2,5.65,1.36,73,111.28,1.99
Hardy Haman Aktell,ID8479522,WSH,D,1243,2,0,1,0,4,3,2,1243,0,0,2.7,7.82,1.35,74,101.9,1.35
Matthew Knies,ID8482720,TOR,LW,6290,8,2,2,1,9,12,4,5797,136,357,10.600000000000001,6.07,1.33,74,108.42,1.2
Brandon Carlo,ID8478443,BOS,D,10723,9,0,2,0,11,3,17,8390,29,2304,11.9,4.0,1.32,73,107.36,1.31
Kyle Burroughs,ID8477335,SJS,D,10833,9,0,0,0,12,22,17,9482,565,786,11.9,3.95,1.32,73,107.36,1.35
Andrew Mangiapane,ID8478233,CGY,LW,8798,9,3,3,1,12,7,1,7120,1103,575,11.9,4.87,1.32,73,107.36,1.47
Henri Jokiharju,ID8480035,BUF,D,8927,9,0,5,0,8,5,11,8398,52,477,11.8,4.76,1.31,73,106.63000000000001,1.09
Samuel Girard,ID8479398,COL,D,9674,8,0,1,0,8,7,16,8251,49,1374,10.5,3.91,1.31,74,106.94,1.53
Marco Rossi,ID8482079,MIN,C,8015,9,3,1,0,21,2,5,6710,1059,246,11.8,5.3,1.31,73,106.63000000000001,0.68
Tyler Bertuzzi,ID8477479,TOR,LW,7732,8,2,1,2,17,8,4,7131,596,5,10.5,4.89,1.31,74,106.94,1.79
Kirby Dach,ID8481523,MTL,C,1562,2,0,2,0,3,3,0,1136,411,15,2.6,5.99,1.3,73,96.9,1.35
Anthony Cirelli,ID8478519,TBL,C,10037,9,1,3,0,15,7,9,8446,474,1117,11.700000000000001,4.2,1.3,73,105.9,1.48
Jonathan Huberdeau,ID8476456,CGY,C,9197,9,2,3,1,15,1,5,7174,1992,31,11.600000000000001,4.54,1.29,73,105.17,1.99
Neal Pionk,ID8480145,WPG,D,11331,9,0,3,0,15,16,11,9127,1302,902,11.600000000000001,3.69,1.29,73,105.17,1.63
Cole Smith,ID8482062,NSH,LW,6513,8,2,1,1,10,18,4,5157,24,1332,10.3,5.69,1.29,74,105.46000000000001,0.87
Devon Toews,ID8478038,COL,D,11114,8,1,3,1,9,4,7,8391,917,1806,10.3,3.34,1.29,74,105.46000000000001,1.98
Warren Foegele,ID8477998,EDM,LW,6040,8,3,1,0,21,7,1,5770,111,159,10.3,6.14,1.29,74,105.46000000000001,1.01
Ryan Suter,ID8470600,DAL,D,8044,7,0,3,0,11,4,9,7318,49,677,9.0,4.03,1.29,75,105.75,1.29
Ian Cole,ID8474013,VAN,D,10019,8,0,1,0,5,7,16,8369,142,1508,10.200000000000001,3.67,1.28,74,104.72,1.28
Troy Terry,ID8478873,ANA,RW,10225,9,2,3,0,24,1,4,8284,1858,83,11.5,4.05,1.28,73,104.44,1.8
Fabian Zetterlund,ID8480188,SJS,LW,7722,9,2,1,2,16,9,6,7134,582,6,11.5,5.36,1.28,73,104.44,0.99
Taylor Raddysh,ID8479390,CHI,RW,8669,9,2,1,1,16,9,7,6516,1052,1101,11.5,4.78,1.28,73,104.44,1.14
Nicolas Hague,ID8479980,VGK,D,11474,10,1,2,0,8,10,14,10076,34,1364,12.8,4.02,1.28,72,104.16,1.37
Justin Danforth,ID8479941,CBJ,RW,6515,9,3,1,0,13,7,5,5815,534,166,11.5,6.35,1.28,73,104.44,1.16
Kevin Korchinski,ID8483466,CHI,D,10701,9,0,3,1,9,0,14,9239,1203,259,11.4,3.84,1.27,73,103.71000000000001,1.27
Nick Seeler,ID8476372,PHI,D,7927,9,0,1,0,7,7,18,7071,23,833,11.4,5.18,1.27,73,103.71000000000001,1.39
Juuso Valimaki,ID8479976,ARI,D,8894,8,0,3,3,3,3,10,7769,981,144,10.1,4.09,1.26,74,103.24,1.33
Andrei Svechnikov,ID8480830,CAR,RW,1676,2,0,1,0,5,5,1,1536,136,4,2.5,5.37,1.25,72,92.0,2.03
Jacob Bernard-Docker,ID8480879,OTT,D,3444,4,0,0,0,0,0,10,3240,21,183,5.0,5.23,1.25,74,97.5,0.89
Timothy Liljegren,ID8480043,TOR,D,9216,8,0,1,1,5,5,15,7845,444,927,10.0,3.91,1.25,74,102.5,1.3
Tyler Tucker,ID8481006,STL,D,3852,5,1,0,0,4,8,6,3635,26,191,6.2,5.79,1.24,75,99.0,1.01
Ty Emberson,ID8480834,SJS,D,5026,5,0,1,0,4,8,8,4927,17,82,6.2,4.44,1.24,73,96.52,1.24
Drake Batherson,ID8480208,OTT,RW,8248,8,1,3,2,17,7,3,6276,1954,18,9.9,4.32,1.24,74,100.76,1.89
Phillip Danault,ID8476479,LAK,C,8580,8,1,4,1,22,7,1,6388,1290,902,9.9,4.15,1.24,74,100.76,1.7
Brett Leason,ID8481517,ANA,RW,6342,9,2,1,0,15,16,6,4596,106,1640,11.1,6.3,1.23,73,100.78999999999999,0.66
Matt Dumba,ID8476856,ARI,D,10362,8,1,0,0,10,13,11,8483,177,1702,9.8,3.4,1.23,74,100.02,1.44
Alexis Lafrenière,ID8482109,NYR,LW,8601,9,4,0,1,12,4,2,7890,700,11,11.1,4.65,1.23,73,100.78999999999999,1.16
Alex Newhook,ID8481618,MTL,C,8484,9,3,1,1,14,7,3,7216,1245,23,11.1,4.71,1.23,73,100.78999999999999,1.04
Jani Hakanpää,ID8475825,DAL,D,7558,7,0,0,0,6,10,14,6380,22,1156,8.6,4.1,1.23,75,100.25,1.36
Esa Lindell,ID8476902,DAL,D,8350,7,0,0,0,11,10,13,6837,7,1506,8.6,3.71,1.23,75,100.25,1.61
Marcus Pettersson,ID8477969,PIT,D,11272,9,0,2,0,8,7,15,9803,64,1405,11.0,3.51,1.22,73,100.06,1.36
David Perron,ID8474102,DET,LW,9052,10,2,2,3,20,12,3,7208,1839,5,12.2,4.85,1.22,72,99.84,1.72
Reese Johnson,ID8481147,CHI,C,3644,5,1,0,0,5,11,5,2919,0,725,6.1,6.03,1.22,73,95.06,0.82
Valeri Nichushkin,ID8477501,COL,RW,8532,8,1,5,0,18,5,1,6690,709,1133,9.799999999999999,4.14,1.22,74,99.28,2.0
Nick Foligno,ID8473422,CHI,LW,9213,9,1,3,0,16,19,5,6567,1273,1373,11.0,4.3,1.22,73,100.06,1.08
Brian Dumoulin,ID8475208,SEA,D,9628,10,1,2,0,8,9,13,8610,26,992,12.2,4.56,1.22,72,99.84,1.42
Quinton Byfield,ID8482124,LAK,RW,7367,8,2,2,0,13,4,4,6269,1098,0,9.7,4.74,1.21,74,98.53999999999999,0.82
Yanni Gourde,ID8476826,SEA,C,10335,10,2,1,0,21,10,8,8863,420,1052,12.1,4.21,1.21,72,99.12,1.45
Marcus Johansson,ID8475149,MIN,LW,9655,9,1,5,0,17,2,4,7553,1982,120,10.9,4.06,1.21,73,98.33,1.16
Oskar Sundqvist,ID8476897,STL,C,5811,7,1,2,1,9,6,5,4999,4,808,8.5,5.27,1.21,75,98.75,1.03
Filip Chytil,ID8480078,NYR,C,8935,9,0,6,1,20,4,4,8073,822,40,10.9,4.39,1.21,73,98.33,1.2
Nick Perbix,ID8480246,TBL,D,8663,9,0,3,0,6,3,14,8654,9,0,10.9,4.53,1.21,73,98.33,1.11
Nick Jensen,ID8475324,WSH,D,8821,8,0,1,0,6,6,15,7045,9,1767,9.7,3.96,1.21,74,98.53999999999999,1.39
Brayden Pachal,ID8481167,VGK,D,7575,8,1,0,0,6,15,11,6618,0,957,9.6,4.56,1.2,72,95.39999999999999,1.14
Joel Armia,ID8476469,MTL,RW,1614,2,1,0,0,3,1,0,1232,0,382,2.4,5.35,1.2,73,89.6,0.99
Jeff Petry,ID8473507,DET,D,6477,6,0,2,0,8,9,7,5965,316,196,7.2,4.0,1.2,72,93.39999999999999,1.88
Cal Clutterbuck,ID8473504,NYI,RW,6198,8,2,2,0,8,18,2,5007,14,1177,9.6,5.58,1.2,74,97.8,1.13
Erik Johnson,ID8473446,BUF,D,8489,9,1,0,0,7,11,14,6069,0,2420,10.8,4.58,1.2,73,97.6,1.51
Matt Duchene,ID8475168,DAL,C,7300,7,1,2,0,16,3,5,6281,816,203,8.4,4.14,1.2,75,98.0,2.0
Nick Leddy,ID8475181,STL,D,8720,7,1,0,0,7,2,11,7876,24,820,8.4,3.47,1.2,75,98.0,1.05
Lars Eller,ID8474189,PIT,C,7751,9,1,3,0,24,3,6,6358,50,1343,10.7,4.97,1.19,73,96.86999999999999,1.05
Jesse Ylönen,ID8481058,MTL,RW,5156,7,1,0,0,6,2,11,3558,60,1538,8.3,5.8,1.19,73,94.86999999999999,1.06
Michael Amadio,ID8478020,VGK,RW,6907,10,2,3,1,12,2,6,6782,112,13,11.9,6.2,1.19,72,96.67999999999999,1.0
Evgenii Dadonov,ID8474149,DAL,RW,6311,7,2,1,0,8,5,4,5838,473,0,8.3,4.73,1.19,75,97.25,1.21
Nils Hoglander,ID8481535,VAN,LW,4243,7,2,2,0,7,6,2,4036,207,0,8.3,7.04,1.19,74,96.06,0.91
Torey Krug,ID8476792,STL,D,9152,7,0,0,0,9,4,14,6968,1418,766,8.3,3.26,1.19,75,97.25,1.71
Brenden Dillon,ID8475455,WPG,D,10182,9,0,0,0,9,22,15,8450,24,1708,10.6,3.75,1.18,73,96.14,1.32
Rasmus Sandin,ID8480873,WSH,D,10600,8,0,0,0,10,9,15,9982,485,133,9.4,3.19,1.18,74,96.32,1.37
Tyler Johnson,ID8474870,CHI,C,8077,9,3,0,1,15,6,4,6571,1369,137,10.6,4.72,1.18,73,96.14,1.21
Tyson Barrie,ID8475197,NSH,D,9461,8,0,4,1,11,3,7,7541,1876,44,9.4,3.58,1.18,74,96.32,1.65
JJ Peterka,ID8482175,BUF,RW,7302,9,4,0,0,20,0,1,6333,962,7,10.5,5.18,1.17,73,95.41,0.88
Thomas Bordeleau,ID8482133,SJS,C,4722,6,1,1,1,7,3,5,3974,748,0,7.0,5.34,1.17,73,92.41,0.95
Adam Ruzicka,ID8480008,CGY,C,5658,7,2,2,2,7,0,1,4770,888,0,8.200000000000001,5.22,1.17,73,93.41,0.95
Evgeny Kuznetsov,ID8475744,WSH,C,10510,8,1,4,2,22,1,0,7696,1886,928,9.3,3.19,1.16,74,94.83999999999999,1.65
Lawson Crouse,ID8478474,ARI,LW,6454,7,0,2,1,9,12,7,4911,882,661,8.1,4.52,1.16,74,93.83999999999999,1.69
Trevor Zegras,ID8481533,ANA,C,9850,9,1,1,1,27,2,8,8072,1771,7,10.4,3.8,1.16,73,94.67999999999999,1.66
Blake Lizotte,ID8481481,LAK,C,4992,8,2,3,1,8,5,1,3903,91,998,9.3,6.71,1.16,74,94.83999999999999,0.96
Akito Hirose,ID8484254,VAN,D,1513,2,0,0,0,0,3,4,1320,147,46,2.3,5.47,1.15,74,87.1,1.14
Vincent Desharnais,ID8479576,EDM,D,4722,6,1,0,0,2,6,8,3678,0,1044,6.8,5.18,1.13,74,89.61999999999999,1.01
Dmitry Orlov,ID8475200,CAR,D,10760,10,0,4,2,13,15,7,8923,1426,411,11.3,3.78,1.13,72,92.35999999999999,1.63
Philipp Kurashev,ID8480798,CHI,C,3355,3,1,0,1,3,1,1,2826,294,235,3.4000000000000004,3.65,1.13,73,85.49,0.91
Noah Juulsen,ID8478454,VAN,D,2238,3,0,1,0,1,8,3,1899,45,294,3.4000000000000004,5.47,1.13,74,86.61999999999999,1.14
Nikolaj Ehlers,ID8477940,WPG,LW,8422,9,2,2,1,28,4,1,6611,1811,0,10.2,4.36,1.13,73,92.49,1.87
MacKenzie Entwistle,ID8480025,CHI,RW,2452,4,1,0,0,4,11,2,2260,14,178,4.5,6.61,1.12,73,85.76,0.76
Ryan Donato,ID8477987,CHI,C,9092,9,2,2,0,22,9,2,7173,1908,11,10.1,4.0,1.12,73,91.76,1.01
Kent Johnson,ID8482660,CBJ,C,5633,7,1,2,0,11,2,5,4340,1293,0,7.8,4.98,1.11,73,88.03,1.1
Kevin Bahl,ID8480860,NJD,D,9163,8,0,2,0,8,16,9,7816,29,1318,8.9,3.5,1.11,74,90.14,0.95
Travis Hamonic,ID8474612,OTT,D,7749,8,0,1,0,10,9,12,6130,39,1580,8.9,4.13,1.11,74,90.14,1.67
J.J. Moser,ID8482655,ARI,D,8071,8,1,1,0,5,9,9,7126,105,840,8.9,3.97,1.11,74,90.14,1.45
Jake Neighbours,ID8482089,STL,LW,5289,7,1,0,0,7,10,8,4958,7,324,7.7,5.24,1.1,75,89.5,0.88
Arthur Kaliyev,ID8481560,LAK,RW,5138,6,1,3,0,12,4,0,4513,625,0,6.6,4.62,1.1,74,87.4,1.05
Olli Maatta,ID8476874,DET,D,7309,8,0,2,0,4,4,12,6952,74,283,8.8,4.33,1.1,72,87.2,1.21
Zach Sanford,ID8477482,ARI,LW,444,1,0,1,0,0,1,0,444,0,0,1.1,8.92,1.1,74,82.4,1.16
Brandon Tanev,ID8479293,SEA,LW,607,1,0,0,0,1,0,2,454,0,153,1.1,6.52,1.1,72,80.2,1.49
Jacob Bryson,ID8480196,BUF,D,808,1,0,0,0,0,1,2,808,0,0,1.1,4.9,1.1,73,81.30000000000001,0.85
Blake Coleman,ID8476399,CGY,C,8114,9,2,1,0,21,8,4,7131,5,978,9.9,4.39,1.1,73,89.30000000000001,1.31
Morgan Barron,ID8480289,WPG,C,5865,9,2,1,1,11,7,5,4612,14,1239,9.8,6.02,1.09,73,88.57000000000001,0.99
Calle Jarnkrok,ID8475714,TOR,C,7248,8,1,2,1,12,5,5,6074,501,673,8.7,4.32,1.09,74,88.66000000000001,1.12
Beck Malenstyn,ID8479359,WSH,LW,5171,8,0,0,0,6,16,13,3514,0,1657,8.7,6.06,1.09,74,88.66000000000001,0.97
Mattias Ekholm,ID8475218,EDM,D,8157,7,0,1,0,11,15,8,6749,448,960,7.6000000000000005,3.35,1.09,74,87.66000000000001,1.46
Trevor Lewis,ID8473453,LAK,C,5360,8,2,2,1,13,4,1,4212,39,1109,8.7,5.84,1.09,74,88.66000000000001,0.92
Tyler Seguin,ID8475794,DAL,C,6852,7,1,2,0,13,3,4,5612,878,362,7.6,3.99,1.09,75,88.75,1.53
Jordan Greenway,ID8478413,BUF,LW,8801,9,1,3,0,12,11,5,6800,10,1991,9.8,4.01,1.09,73,88.57000000000001,1.1
Cole Sillinger,ID8482705,CBJ,C,7160,9,0,3,0,14,9,9,5848,388,924,9.8,4.93,1.09,73,88.57000000000001,1.03
Garnet Hathaway,ID8477903,PHI,RW,6109,9,1,0,0,11,21,9,5519,119,471,9.7,5.72,1.08,73,87.84,1.37
Vladislav Namestnikov,ID8476480,WPG,C,7483,9,1,2,1,17,5,6,6340,419,724,9.7,4.67,1.08,73,87.84,1.04
Morgan Geekie,ID8479987,BOS,C,7710,9,1,2,0,13,9,7,6784,907,19,9.7,4.53,1.08,73,87.84,0.89
Travis Boyd,ID8476329,ARI,C,2536,4,0,3,0,6,2,1,2401,81,54,4.300000000000001,6.1,1.08,74,83.92,1.24
Luke Kunin,ID8479316,SJS,C,8783,9,1,0,0,17,15,9,6579,494,1710,9.7,3.98,1.08,73,87.84,1.24
Jean-Gabriel Pageau,ID8476419,NYI,C,8018,8,0,2,0,13,18,7,6102,782,1134,8.6,3.86,1.08,74,87.92,1.59
Ben Hutton,ID8477018,VGK,D,4509,5,0,1,0,8,1,7,4154,355,0,5.4,4.31,1.08,72,82.76,1.12
Tony DeAngelo,ID8477950,CAR,D,9731,10,0,4,2,21,1,7,7482,2219,30,10.7,3.96,1.07,72,87.04,1.77
William Eklund,ID8482667,SJS,LW,8979,9,1,1,2,12,4,8,7767,1117,95,9.6,3.85,1.07,73,87.11,1.13
Anders Lee,ID8475314,NYI,LW,7453,8,1,1,0,20,15,4,6460,972,21,8.5,4.11,1.06,74,86.44,1.67
Connor Clifton,ID8477365,BUF,D,7433,8,0,1,0,12,23,8,6621,18,794,8.5,4.12,1.06,73,85.38000000000001,1.33
Kevin Shattenkirk,ID8474031,BOS,D,7984,8,0,1,0,12,8,11,7137,672,175,8.5,3.83,1.06,73,85.38000000000001,1.6
Sebastian Aho (D),ID8480222,NYI,D,6486,8,0,1,0,8,2,13,5419,770,297,8.5,4.72,1.06,74,86.44,1.11
Jon Merrill,ID8475750,MIN,D,8103,9,0,2,0,7,3,13,7072,173,858,9.5,4.22,1.06,73,86.38000000000001,1.17
Michael Eyssimont,ID8479591,TBL,C,5829,9,2,1,0,19,11,3,5829,0,0,9.5,5.87,1.06,73,86.38000000000001,0.97
Devin Shore,ID8476913,SEA,C,1989,4,1,0,0,5,7,2,1989,0,0,4.199999999999999,7.6,1.05,72,79.60000000000001,0.71
Ryan Carpenter,ID8477846,SJS,C,1532,2,0,0,0,4,2,3,1221,0,311,2.1,4.93,1.05,73,78.65,0.82
Parker Kelly,ID8480448,OTT,LW,5520,8,1,2,1,8,10,4,4205,141,1174,8.3,5.41,1.04,74,84.96000000000001,0.97
Pavel Buchnevich,ID8477402,STL,LW,4780,5,1,1,1,10,2,1,3355,930,495,5.2,3.92,1.04,75,83.0,2.05
Jordan Harris,ID8480887,MTL,D,10632,9,0,1,0,5,4,15,9235,16,1381,9.4,3.18,1.04,73,84.92,1.21
Connor McMichael,ID8481580,WSH,C,7119,8,2,1,1,10,3,3,6498,18,603,8.3,4.2,1.04,74,84.96000000000001,0.77
Matt Grzelcyk,ID8476891,BOS,D,8237,9,1,0,0,12,2,12,7579,108,550,9.4,4.11,1.04,73,84.92,1.16
Cole Perfetti,ID8482149,WPG,C,7186,9,1,5,0,18,1,1,5899,1287,0,9.4,4.71,1.04,73,84.92,1.12
Gustav Forsling,ID8478055,FLA,D,12078,8,1,0,1,13,5,8,9889,756,1433,8.3,2.47,1.04,74,84.96000000000001,1.59
Jordan Staal,ID8473533,CAR,C,9689,10,1,3,1,15,9,5,7998,185,1506,10.4,3.86,1.04,72,84.88,1.27
Justin Schultz,ID8474602,SEA,D,9734,10,1,1,0,17,1,11,8459,1257,18,10.3,3.81,1.03,72,84.16,1.23
Kevin Stenlund,ID8478831,FLA,C,6070,8,2,0,0,11,6,5,4686,194,1190,8.200000000000001,4.86,1.03,74,84.22,0.76
David Gustafsson,ID8481019,WPG,C,3243,6,2,0,0,7,0,3,2873,0,370,6.2,6.88,1.03,73,81.19,0.53
Kirill Marchenko,ID8480893,CBJ,RW,6953,7,0,3,0,20,2,4,5436,1515,2,7.2,3.73,1.03,73,82.19,1.41
Connor Dewar,ID8480980,MIN,C,5977,9,2,1,1,8,10,4,4933,119,925,9.3,5.6,1.03,73,84.19,0.88
Sean Kuraly,ID8476374,CBJ,C,6925,9,2,0,0,13,19,4,5309,19,1597,9.2,4.78,1.02,73,83.46000000000001,1.27
Brendan Gallagher,ID8475848,MTL,RW,7126,9,2,1,1,20,7,2,5917,1209,0,9.2,4.65,1.02,73,83.46000000000001,1.16
Trent Frederic,ID8479365,BOS,C,7201,9,2,1,0,14,13,3,6757,8,436,9.2,4.6,1.02,73,83.46000000000001,1.06
Mikael Backlund,ID8474150,CGY,C,10201,9,0,3,1,25,7,5,7512,1169,1520,9.200000000000001,3.25,1.02,73,83.46000000000001,1.38
Arber Xhekaj,ID8482964,MTL,D,8493,9,0,2,0,9,23,8,7384,892,217,9.2,3.9,1.02,73,83.46000000000001,1.25
William Carrier,ID8477478,VGK,LW,5004,8,2,0,0,11,15,3,5000,4,0,8.100000000000001,5.83,1.01,72,80.72,1.21
Kasperi Kapanen,ID8477953,STL,RW,7140,7,1,2,1,9,7,2,5632,818,690,7.1000000000000005,3.58,1.01,75,82.75,1.12
Wyatt Kaiser,ID8482176,CHI,D,9357,9,0,1,0,3,7,14,8041,11,1305,9.0,3.46,1.0,73,82.0,1.05
Julien Gauthier,ID8479328,NYI,RW,778,1,0,0,0,1,4,1,778,0,0,1.0,4.63,1.0,74,75.0,0.75
Noah Gregor,ID8479393,TOR,C,4687,8,1,0,0,22,13,5,4275,5,407,8.0,6.14,1.0,74,82.0,1.24
Zac Jones,ID8481708,NYR,D,750,1,0,0,0,4,1,1,750,0,0,1.0,4.8,1.0,73,74.0,0.82
Craig Smith,ID8475225,DAL,C,4417,7,1,1,0,8,6,5,4394,23,0,6.8999999999999995,5.62,0.99,75,80.25,1.06
Brandon Duhaime,ID8479520,MIN,RW,5427,9,2,0,1,11,18,3,4599,120,708,8.9,5.9,0.99,73,80.27,0.87
Nico Hischier,ID8480002,NJD,C,7067,7,2,0,1,14,5,1,5138,1336,593,6.9,3.51,0.99,74,79.26,2.03
Jarred Tinordi,ID8475797,CHI,D,6301,7,0,0,0,7,17,9,5477,4,820,6.9,3.94,0.99,73,78.27,1.31
Brandon Saad,ID8476438,STL,LW,7073,7,2,0,0,13,1,3,6317,697,59,6.8999999999999995,3.51,0.99,75,80.25,1.32
Calen Addison,ID8480884,MIN,D,9719,9,0,4,2,15,3,4,7021,2698,0,8.799999999999999,3.26,0.98,73,79.53999999999999,1.05
Milan Lucic,ID8473473,BOS,LW,2873,4,0,2,0,1,8,2,2767,106,0,3.9000000000000004,4.89,0.98,73,74.53999999999999,0.83
Kailer Yamamoto,ID8479977,SEA,RW,6773,10,2,2,2,10,3,3,5082,1471,220,9.8,5.21,0.98,72,79.56,1.21
Filip Zadina,ID8480821,SJS,RW,8197,9,2,0,1,15,3,5,6621,812,764,8.8,3.86,0.98,73,79.53999999999999,0.97
Jakub Vrana,ID8477944,STL,LW,3667,5,1,2,0,7,2,0,3133,534,0,4.8999999999999995,4.81,0.98,75,77.5,1.64
Dennis Gilbert,ID8478502,CGY,D,6347,8,0,1,0,7,16,9,6284,6,57,7.8,4.42,0.98,73,78.53999999999999,1.05
Nikita Zadorov,ID8477507,CGY,D,10151,9,0,2,0,13,19,7,9146,90,915,8.7,3.09,0.97,73,78.81,1.16
Gabriel Vilardi,ID8480014,WPG,C,2642,3,0,1,0,9,0,2,1986,656,0,2.9000000000000004,3.95,0.97,73,72.81,1.39
Jakob Silfverberg,ID8475164,ANA,RW,6794,9,1,2,1,9,3,6,4675,1217,902,8.7,4.61,0.97,73,78.81,1.06
Alex Wennberg,ID8477505,SEA,C,11239,10,0,2,0,13,4,12,9572,396,1271,9.7,3.11,0.97,72,78.84,1.16
Pavel Dorofeyev,ID8481604,VGK,LW,3956,5,1,1,0,10,3,1,3487,469,0,4.8,4.37,0.96,72,73.12,1.27
Justin Holl,ID8475718,DET,D,8106,8,0,3,0,1,6,8,7093,61,952,7.7,3.42,0.96,72,76.12,1.38
Matthew Phillips,ID8479547,WSH,RW,5213,8,1,2,0,6,1,6,4681,474,58,7.7,5.32,0.96,74,78.03999999999999,0.78
Tomas Tatar,ID8475193,COL,LW,5882,8,0,4,0,1,6,6,5392,281,209,7.7,4.71,0.96,74,78.03999999999999,1.18
T.J. Oshie,ID8471698,WSH,RW,8808,8,0,1,0,23,9,7,6900,1822,86,7.7,3.15,0.96,74,78.03999999999999,1.66
Ross Colton,ID8479525,COL,C,6329,8,1,1,0,18,8,4,5209,676,444,7.6,4.32,0.95,74,77.3,1.31
Nikita Zaitsev,ID8479458,CHI,D,1783,2,0,0,0,0,4,3,1774,3,6,1.9000000000000001,3.84,0.95,73,70.35,1.3
Juuso Parssinen,ID8481704,NSH,C,7139,8,2,1,1,10,6,1,6489,599,51,7.6000000000000005,3.83,0.95,74,77.3,1.21
Ivan Barbashev,ID8477964,VGK,C,9164,10,2,0,0,14,20,4,8138,1020,6,9.4,3.69,0.94,72,76.67999999999999,1.5
Sammy Blais,ID8478104,STL,LW,5400,7,1,1,0,6,25,1,4738,662,0,6.6,4.4,0.94,75,76.5,1.12
Noah Cates,ID8480220,PHI,LW,8698,9,1,3,1,9,1,4,6513,1187,998,8.5,3.52,0.94,73,76.61999999999999,1.29
Johnny Gaudreau,ID8476346,CBJ,LW,11173,9,0,4,1,29,0,2,9080,2093,0,8.4,2.71,0.93,73,75.89,2.02
Jake Evans,ID8478133,MTL,C,7286,9,1,0,0,6,8,10,5054,30,2202,8.4,4.15,0.93,73,75.89,1.05
Michael McCarron,ID8477446,NSH,RW,1798,3,0,1,0,1,7,2,1723,5,70,2.8000000000000003,5.61,0.93,74,70.82000000000001,0.99
Calvin de Haan,ID8475177,TBL,D,5626,6,0,1,0,3,8,7,5178,11,437,5.6,3.58,0.93,73,72.89,1.41
Andreas Englund,ID8477971,LAK,D,5622,8,0,2,0,1,18,7,5009,0,613,7.4,4.74,0.92,74,75.08,0.81
Taylor Hall,ID8475791,CHI,LW,4647,5,0,2,1,7,4,2,3489,1154,4,4.6,3.56,0.92,73,71.16,1.56
Andre Burakovsky,ID8477444,SEA,LW,5583,6,0,2,1,14,1,3,4779,804,0,5.5,3.55,0.92,72,71.24000000000001,1.55
Chad Ruhwedel,ID8477244,PIT,D,5661,8,0,1,0,2,12,10,4450,0,1211,7.4,4.71,0.92,73,74.16,1.01
Brett Kulak,ID8476967,EDM,D,7459,8,1,0,0,12,2,8,6320,69,1070,7.3999999999999995,3.57,0.92,74,75.08,1.12
Luke Glendening,ID8476822,TBL,C,6444,9,1,0,0,4,14,9,5501,0,943,8.299999999999999,4.64,0.92,73,75.16,0.94
Zemgus Girgensons,ID8476878,BUF,LW,6269,9,2,0,0,10,8,5,5198,21,1050,8.3,4.77,0.92,73,75.16,0.98
Alexey Toropchenko,ID8480281,STL,RW,5431,7,0,2,0,6,13,5,5046,0,385,6.4,4.24,0.91,75,74.25,1.01
A.J. Greer,ID8478421,CGY,LW,4544,8,1,1,1,9,14,3,4445,92,7,7.3,5.78,0.91,73,73.43,0.79
Tye Kartye,ID8481789,SEA,LW,6726,9,2,0,0,25,12,1,6611,115,0,8.2,4.39,0.91,72,73.52,0.91
Luke Schenn,ID8474568,NSH,D,911,1,0,0,0,0,4,1,787,0,124,0.9,3.56,0.9,74,66.60000000000001,1.62
Zack MacEwen,ID8479772,OTT,RW,797,2,0,1,0,2,1,1,793,4,0,1.8,8.13,0.9,74,67.60000000000001,0.79
Brayden Schenn,ID8475170,STL,C,7293,7,0,1,1,11,22,3,5783,1355,155,6.300000000000001,3.11,0.9,75,73.5,1.79
Alex Laferriere,ID8482155,LAK,RW,6500,8,2,0,0,20,2,2,5990,507,3,7.200000000000001,3.99,0.9,74,73.60000000000001,0.9
Jordan Spence,ID8481606,LAK,D,5967,7,0,2,0,3,5,7,4952,952,63,6.3,3.8,0.9,74,72.60000000000001,1.15
Sam Lafferty,ID8478043,VAN,C,6258,8,1,1,0,10,12,4,5454,159,645,7.2,4.14,0.9,74,73.60000000000001,1.05
Nikolai Knyzhov,ID8481812,SJS,D,7763,7,0,1,0,3,5,9,7001,392,370,6.3,2.92,0.9,73,71.7,0.97
Noel Acciari,ID8478569,PIT,C,6338,9,0,0,0,8,18,11,5234,0,1104,8.1,4.6,0.9,73,73.7,1.4
Jake McCabe,ID8476931,TOR,D,7046,7,0,0,0,6,12,9,6369,11,666,6.3,3.22,0.9,74,72.60000000000001,1.71
Miles Wood,ID8477425,COL,LW,5601,8,1,0,0,14,17,4,5069,0,532,7.1000000000000005,4.56,0.89,74,72.86,0.99
Kyle Okposo,ID8473449,BUF,RW,6689,9,0,3,0,7,8,7,5629,118,942,8.0,4.31,0.89,73,72.97,1.21
Marc Staal,ID8471686,PHI,D,3736,4,0,0,0,3,2,6,3026,18,692,3.5,3.37,0.88,73,67.24,1.13
Jake DeBrusk,ID8478498,BOS,LW,8476,8,0,3,0,15,5,4,6432,802,1242,7.0,2.97,0.88,73,71.24,1.59
Jordan Eberle,ID8474586,SEA,RW,10255,10,1,2,1,19,4,4,8910,1341,4,8.8,3.09,0.88,72,71.36,1.43
Johnathan Kovacevic,ID8480192,MTL,D,10529,9,0,0,0,6,7,13,8471,84,1974,7.800000000000001,2.67,0.87,73,70.50999999999999,0.99
Dillon Dube,ID8479346,CGY,C,7976,9,1,2,1,10,3,4,6251,1071,654,7.8,3.52,0.87,73,70.50999999999999,1.16
David Jiricek,ID8483460,CBJ,D,6546,8,1,1,0,5,4,6,6456,5,85,6.9,3.79,0.86,73,68.78,0.98
Rickard Rakell,ID8476483,PIT,RW,8446,9,0,1,0,24,8,7,7142,1304,0,7.7,3.28,0.86,73,69.78,1.79
Marco Scandella,ID8474618,STL,D,5194,7,0,1,0,5,5,8,4966,9,219,6.0,4.16,0.86,75,70.5,1.01
Radek Faksa,ID8476889,DAL,C,5631,7,0,0,0,4,6,10,4515,27,1089,6.0,3.84,0.86,75,70.5,1.04
Michael McLeod,ID8479415,NJD,C,6275,8,1,1,0,9,14,3,5410,35,830,6.8,3.9,0.85,74,68.9,0.91
Marc-Edouard Vlasic,ID8471709,SJS,D,4662,6,0,0,0,5,1,9,4084,4,574,5.1,3.94,0.85,73,67.05,1.05
Tyson Jost,ID8479370,BUF,C,3955,6,1,1,0,9,7,1,3710,44,201,5.1,4.64,0.85,73,67.05,0.84
Troy Stecher,ID8479442,ARI,D,6577,6,0,1,0,7,4,6,5808,55,714,5.1,2.79,0.85,74,67.9,0.99
Pierre-Edouard Bellemare,ID8477930,SEA,LW,5741,10,1,0,1,9,5,9,4294,44,1403,8.4,5.27,0.84,72,68.47999999999999,0.8
Matt Martin,ID8474709,NYI,LW,4184,8,1,1,0,8,19,2,4174,10,0,6.7,5.76,0.84,74,68.16,0.91
Travis Dermott,ID8478408,ARI,D,6599,6,0,0,0,6,4,8,5574,29,996,5.0,2.73,0.83,74,66.41999999999999,0.72
Sam Carrick,ID8475842,ANA,C,6327,9,1,2,0,10,9,3,4372,199,1756,7.4,4.21,0.82,73,66.86,0.84
Anthony Beauvillier,ID8478463,VAN,LW,6270,8,0,1,0,16,5,7,5595,638,37,6.6,3.79,0.82,74,66.68,1.14
Alexander Holtz,ID8482125,NJD,RW,4943,8,2,1,0,13,2,0,4277,666,0,6.5,4.73,0.81,74,65.94,0.68
Jimmy Vesey,ID8476918,NYR,LW,4047,7,0,2,0,4,8,5,3485,6,556,5.7,5.07,0.81,73,64.13,0.91
Brendan Smith,ID8474090,NJD,D,7194,8,0,0,0,13,12,8,6257,0,937,6.5,3.25,0.81,74,65.94,0.99
Liam O'Brien,ID8477070,ARI,C,4664,8,1,2,0,7,18,0,4467,7,190,6.5,5.02,0.81,74,65.94,0.84
Nathan Bastian,ID8479414,NJD,RW,4336,7,0,0,0,12,14,6,3626,32,678,5.6000000000000005,4.65,0.8,74,64.2,1.18
Eetu Luostarinen,ID8480185,FLA,C,8131,8,0,1,0,8,6,8,6291,706,1134,6.4,2.83,0.8,74,65.2,1.15
Emil Andrae,ID8482126,PHI,D,3120,4,0,0,0,0,2,6,3105,15,0,3.2,3.69,0.8,73,61.400000000000006,0.8
Conor Garland,ID8478856,VAN,RW,5988,8,1,1,1,12,7,2,5428,560,0,6.4,3.85,0.8,74,65.2,1.3
Jeremy Lauzon,ID8478468,NSH,D,7511,8,0,0,0,8,16,8,6810,17,684,6.4,3.07,0.8,74,65.2,1.15
Alex Kerfoot,ID8477021,ARI,C,7305,8,0,3,0,8,6,4,5892,263,1150,6.4,3.15,0.8,74,65.2,1.22
Tyson Foerster,ID8482159,PHI,RW,7182,8,0,2,1,14,5,4,5795,1387,0,6.4,3.21,0.8,73,64.4,1.54
Josh Anderson,ID8476981,MTL,RW,9019,9,0,1,0,20,22,4,7078,1837,104,7.2,2.87,0.8,73,65.4,1.48
Curtis Lazar,ID8477508,NJD,C,4781,7,0,0,0,4,17,7,4335,39,407,5.6,4.22,0.8,74,64.2,1.09
Sam Steel,ID8479351,DAL,C,2151,3,0,1,0,3,1,2,1871,17,263,2.4,4.02,0.8,75,62.0,0.84
Gustav Lindström,ID8480184,MTL,D,1422,2,0,0,0,1,0,3,1376,0,46,1.6,4.05,0.8,73,59.400000000000006,0.95
Dakota Joshua,ID8478057,VAN,C,6248,8,1,0,0,7,16,4,5238,114,896,6.3,3.63,0.79,74,64.46000000000001,0.96
Max Domi,ID8477503,TOR,C,6430,8,0,4,1,10,3,1,5905,525,0,6.300000000000001,3.53,0.79,74,64.46000000000001,1.21
Erik Cernak,ID8478416,TBL,D,10388,9,0,0,0,2,19,10,9152,10,1226,7.1,2.46,0.79,73,64.67,1.35
Hampus Lindholm,ID8476854,BOS,D,12846,9,0,0,0,14,2,11,10231,1014,1601,7.1,1.99,0.79,73,64.67,1.59
Anthony Mantha,ID8477511,WSH,RW,5267,7,1,1,0,9,5,2,5017,250,0,5.3999999999999995,3.69,0.77,74,61.980000000000004,1.17
Matty Beniers,ID8482665,SEA,C,11131,10,0,3,2,18,4,3,9500,1439,192,7.699999999999999,2.49,0.77,72,62.44,1.59
Andrew Cogliano,ID8471699,COL,C,4345,7,0,3,2,2,1,2,3347,6,992,5.3,4.39,0.76,74,61.24,0.82
Mark Friedman,ID8478017,VAN,D,4129,5,0,0,0,2,6,6,4129,0,0,3.8,3.31,0.76,74,59.24,0.95
Andreas Athanasiou,ID8476960,CHI,C,6411,8,0,3,1,15,1,2,5519,892,0,6.1000000000000005,3.43,0.76,73,61.480000000000004,1.33
Oskar Steen,ID8479546,BOS,C,819,2,0,0,0,2,3,2,819,0,0,1.5,6.59,0.75,73,55.75,0.88
Tyler Pitlick,ID8475752,NYR,C,1317,2,0,0,0,1,4,2,1127,0,190,1.5,4.1,0.75,73,55.75,0.83
Nikita Alexandrov,ID8481543,STL,C,1102,2,0,0,0,1,4,2,1102,0,0,1.5,4.9,0.75,75,57.25,0.79
Mason Marchment,ID8478975,DAL,LW,5885,7,1,1,0,15,7,0,5397,480,8,5.2,3.18,0.74,75,60.5,1.46
Fredrik Olofsson,ID8478028,COL,LW,5427,8,1,0,0,11,3,5,4271,6,1150,5.9,3.91,0.74,74,59.76,0.6
Yakov Trenin,ID8478508,NSH,C,7315,8,0,0,0,20,24,3,6371,18,926,5.9,2.9,0.74,74,59.76,1.09
Jack Studnicka,ID8480021,VAN,C,2028,4,1,0,0,4,5,0,1856,6,166,2.9000000000000004,5.15,0.73,74,56.019999999999996,0.69
Nazem Kadri,ID8475172,CGY,C,9566,9,1,1,1,24,2,1,7635,1897,34,6.6000000000000005,2.48,0.73,73,59.29,1.96
Ondrej Palat,ID8476292,NJD,LW,6906,8,0,2,2,12,11,1,5843,843,220,5.800000000000001,3.02,0.73,74,59.019999999999996,1.44
Brett Howden,ID8479353,VGK,C,6257,8,1,2,0,6,7,1,5690,1,566,5.8,3.34,0.72,72,56.839999999999996,1.06
Walker Duehr,ID8482652,CGY,RW,4871,9,1,2,0,7,12,1,4794,70,7,6.4,4.73,0.71,73,57.83,0.99
Keegan Kolesar,ID8478434,VGK,RW,6857,10,0,1,0,8,33,4,6589,2,266,7.1,3.73,0.71,72,58.12,1.07
Josh Mahura,ID8479372,FLA,D,5959,8,0,3,0,8,3,3,5585,12,362,5.6,3.38,0.7,74,56.8,0.97
Cody Ceci,ID8476879,EDM,D,9687,8,0,1,0,7,4,7,8200,25,1462,5.6,2.08,0.7,74,56.8,1.3
Louie Belpedio,ID8478011,PHI,D,2375,3,0,0,0,1,0,4,2375,0,0,2.1,3.18,0.7,73,53.099999999999994,0.7
Dylan Samberg,ID8480049,WPG,D,7841,9,0,2,0,7,6,6,6945,7,889,6.300000000000001,2.89,0.7,73,57.099999999999994,1.1
Tyler Motte,ID8477353,TBL,C,475,1,0,0,0,0,2,1,340,0,135,0.7,5.31,0.7,73,51.099999999999994,1.27
Nick Cousins,ID8476393,FLA,C,5379,8,1,0,0,13,12,2,5194,185,0,5.5,3.68,0.69,74,56.059999999999995,0.92
Sonny Milano,ID8477947,WSH,LW,5406,7,1,1,0,7,1,2,5393,3,10,4.800000000000001,3.2,0.69,74,55.059999999999995,1.05
Michael Pezzetta,ID8479543,MTL,LW,3040,7,0,1,0,6,22,2,2944,10,86,4.8,5.68,0.69,73,54.37,0.93
Jesper Fast,ID8475855,CAR,RW,8484,10,1,1,0,16,7,3,7407,115,962,6.800000000000001,2.89,0.68,72,54.96,1.01
Conor Sheary,ID8477839,TBL,LW,6254,9,0,2,0,10,1,6,5856,344,54,6.1,3.51,0.68,73,55.64,1.28
Simon Holmstrom,ID8481601,NYI,RW,5365,7,1,0,0,6,1,4,4757,8,600,4.7,3.15,0.67,74,53.580000000000005,0.62
Dylan Holloway,ID8482077,EDM,LW,5818,8,0,0,0,12,16,5,5406,76,336,5.3,3.28,0.66,74,53.84,0.64
Anthony Duclair,ID8477407,SJS,LW,9010,9,1,0,0,11,8,4,7216,1479,315,5.9,2.36,0.66,73,53.18,1.51
Juraj Slafkovsky,ID8483515,MTL,LW,7734,9,0,1,0,10,14,5,6682,1047,5,5.8999999999999995,2.75,0.66,73,53.18,0.88
Anton Lundell,ID8482113,FLA,C,7069,8,0,2,1,9,3,3,5834,894,341,5.2,2.65,0.65,74,53.1,1.35
Pierre Engvall,ID8478115,NYI,LW,7021,8,0,4,0,6,1,1,6166,845,10,5.2,2.67,0.65,74,53.1,0.96
Haydn Fleury,ID8477938,TBL,D,1347,2,0,1,0,0,3,0,1281,1,65,1.3,3.47,0.65,73,48.45,1.07
Mathieu Olivier,ID8479671,CBJ,RW,3311,6,0,2,0,4,10,1,3308,3,0,3.9,4.24,0.65,73,50.45,1.02
Ryan Lindgren,ID8479324,NYR,D,9485,8,0,0,0,4,12,7,7922,0,1563,5.1000000000000005,1.94,0.64,73,51.72,1.31
Nils Lundkvist,ID8480878,DAL,D,6935,7,0,1,0,6,3,5,6164,771,0,4.4,2.28,0.63,75,51.25,1.02
Givani Smith,ID8479379,SJS,RW,3945,7,0,0,0,13,11,4,3929,16,0,4.4,4.02,0.63,73,49.99,0.65
John Beecher,ID8481556,BOS,C,5599,9,0,1,0,8,13,5,4335,4,1260,5.6,3.6,0.62,73,50.26,0.62
Barrett Hayton,ID8480849,ARI,C,9371,8,0,0,0,23,1,5,6555,2077,739,4.9,1.88,0.61,74,49.14,1.23
Matt Coronato,ID8482679,CGY,RW,7583,9,1,1,1,20,0,0,5959,1624,0,5.5,2.61,0.61,73,49.53,0.6
Yegor Sharangovich,ID8481068,CGY,C,7031,9,1,1,0,12,3,2,5725,330,976,5.5,2.82,0.61,73,49.53,1.2
Nicklas Backstrom,ID8473563,WSH,C,6988,8,0,1,0,12,2,5,5915,1042,31,4.9,2.52,0.61,74,49.14,1.26
Nico Sturm,ID8481477,SJS,C,8213,9,0,0,0,7,3,9,6446,43,1724,5.5,2.41,0.61,73,49.53,0.99
David Kampf,ID8480144,TOR,C,6204,8,0,2,0,4,9,3,5230,3,971,4.8,2.79,0.6,74,48.4,0.83
Adam Boqvist,ID8480871,CBJ,D,1935,2,0,0,0,2,0,2,1780,133,22,1.2000000000000002,2.23,0.6,73,44.8,1.36
Zach Benson,ID8484145,BUF,LW,4781,6,0,2,0,6,0,2,4225,549,7,3.6000000000000005,2.71,0.6,73,46.8,0.6
Logan Stanley,ID8479378,WPG,D,870,1,0,0,0,0,1,1,870,0,0,0.6,2.48,0.6,73,43.8,1.36
Uvis Balinskis,ID8484304,FLA,D,6719,8,0,0,0,6,12,6,6476,89,154,4.8,2.57,0.6,74,48.4,0.6
Will Cuylle,ID8482157,NYR,LW,7037,9,1,0,0,9,25,0,6729,308,0,5.4,2.76,0.6,73,48.8,0.48
Jack Johnson,ID8471677,COL,D,6529,8,0,1,0,8,0,6,6001,1,527,4.8,2.65,0.6,74,48.4,0.97
Jujhar Khaira,ID8476915,MIN,LW,485,1,0,0,0,1,0,1,433,0,52,0.6,4.45,0.6,73,43.8,1.06
Robert Bortuzzo,ID8474145,STL,D,1145,2,0,0,0,1,1,2,1043,0,102,1.2,3.77,0.6,75,46.0,0.99
Erik Brannstrom,ID8480073,OTT,D,6118,7,0,0,0,9,3,6,5249,181,688,4.2,2.47,0.6,74,48.4,1.1
Isaak Phillips,ID8482192,CHI,D,1045,1,0,0,0,1,0,1,1012,0,33,0.6,2.07,0.6,73,43.8,0.72
Nate Schmidt,ID8477220,WPG,D,8071,8,0,1,0,7,4,5,6697,1055,319,4.6000000000000005,2.05,0.58,73,46.339999999999996,1.28
Kaapo Kakko,ID8481554,NYR,RW,8295,9,1,1,0,12,0,2,7467,828,0,5.2,2.26,0.58,73,47.339999999999996,1.0
Philip Tomasino,ID8481577,NSH,C,3504,5,0,1,1,2,2,2,2741,763,0,2.9,2.98,0.58,74,44.919999999999995,1.09
Nicolas Deslauriers,ID8475235,PHI,LW,5327,9,0,1,0,11,26,1,5241,86,0,5.2,3.51,0.58,73,47.339999999999996,0.92
Pontus Holmberg,ID8480995,TOR,RW,2136,4,0,0,0,2,1,4,2098,4,34,2.3,3.88,0.57,74,44.18,0.85
Justin Sourdif,ID8482088,FLA,RW,1591,3,0,0,0,2,5,2,1591,0,0,1.7,3.85,0.57,74,43.18,0.57
Urho Vaakanainen,ID8480001,ANA,D,4486,5,0,1,0,4,4,2,4410,23,53,2.8,2.25,0.56,73,42.88,0.86
William Lockwood,ID8479367,FLA,RW,828,2,0,0,0,4,2,1,828,0,0,1.1,4.78,0.55,74,41.7,0.86
Jacob Peterson,ID8480216,SJS,C,4770,6,0,0,0,3,5,5,4105,173,492,3.3000000000000003,2.49,0.55,73,43.150000000000006,0.87
Jalen Chatfield,ID8478970,CAR,D,6503,8,0,1,0,5,3,5,5661,12,830,4.3,2.38,0.54,72,42.88,0.86
Dominik Kubalik,ID8477330,OTT,LW,6824,8,1,0,0,11,2,2,5466,1358,0,4.3,2.27,0.54,74,43.96,1.25
Mike Hoffman,ID8474884,SJS,C,8315,9,0,1,0,10,3,5,6792,1517,6,4.8,2.08,0.53,73,42.690000000000005,1.23
Mackie Samoskevich,ID8482713,FLA,RW,2262,3,0,0,0,5,1,2,1991,271,0,1.6,2.55,0.53,74,40.22,0.53
Alexander Alexeyev,ID8480823,WSH,D,2536,4,0,0,0,1,0,4,2524,0,12,2.1,2.98,0.52,74,40.480000000000004,1.01
Max Jones,ID8479368,ANA,LW,5131,8,0,2,0,8,14,0,4652,475,4,4.2,2.95,0.52,73,41.96,0.8
Derek Ryan,ID8478585,EDM,C,4843,8,0,1,0,6,6,4,4022,58,763,4.2,3.12,0.52,74,42.480000000000004,0.84
Bo Groulx,ID8480870,ANA,C,4557,6,0,1,0,3,8,2,3301,57,1199,3.1,2.45,0.52,73,40.96,0.53
Steven Lorentz,ID8478904,FLA,C,4020,8,0,0,0,6,10,5,3842,0,178,4.1000000000000005,3.67,0.51,74,41.74,0.8
Ross Johnston,ID8477527,ANA,LW,4145,9,0,2,0,5,11,2,4073,69,3,4.6,4.0,0.51,73,41.230000000000004,0.69
Tobias Bjornfot,ID8481600,LAK,D,612,1,0,0,0,0,0,1,612,0,0,0.5,2.94,0.5,74,37.0,0.71
Patrick Brown,ID8477887,BOS,C,2671,5,0,0,0,4,11,2,2197,0,474,2.5,3.37,0.5,73,38.5,0.99
Eric Robinson,ID8480762,CBJ,LW,690,1,0,0,0,0,0,1,492,6,192,0.5,2.61,0.5,73,36.5,1.03
Rasmus Kupari,ID8480845,WPG,C,5599,9,0,1,0,13,7,3,4121,527,951,4.5,2.89,0.5,73,40.5,0.71
Lukas Reichel,ID8482117,CHI,LW,7856,9,0,0,0,19,1,5,6614,1105,137,4.5,2.06,0.5,73,40.5,1.03
Pierre-Olivier Joseph,ID8480058,PIT,D,2846,4,0,0,0,5,0,3,2811,26,9,2.0,2.53,0.5,73,38.5,0.85
Ian Mitchell,ID8480070,BOS,D,1282,2,0,1,0,0,0,0,1273,9,0,1.0,2.81,0.5,73,37.5,0.88
Kevin Hayes,ID8475763,STL,RW,6331,7,0,2,0,5,4,1,5519,812,0,3.4000000000000004,1.93,0.49,75,39.75,1.37
Ryan Lomberg,ID8479066,FLA,LW,5352,8,0,0,0,15,14,2,4994,0,358,3.9000000000000004,2.62,0.49,74,39.26,0.88
Aliaksei Protas,ID8481656,WSH,C,3659,7,0,1,0,7,2,3,2977,0,682,3.4,3.35,0.49,74,39.26,0.67
Brendan Lemieux,ID8477962,CAR,LW,2877,7,1,0,0,4,10,0,2872,5,0,3.4,4.25,0.49,72,38.28,0.86
Ty Dellandrea,ID8480848,DAL,C,3907,5,0,1,0,5,9,0,3200,0,707,2.4000000000000004,2.21,0.48,75,38.0,0.94
Drew O'Connor,ID8482055,PIT,LW,6705,9,0,2,0,14,4,1,5964,349,392,4.3,2.31,0.48,73,39.04,0.73
Matt Nieto,ID8476442,PIT,LW,6633,9,0,0,0,6,7,6,5481,5,1147,4.3,2.33,0.48,73,39.04,0.86
Kevin Labanc,ID8478099,SJS,RW,4997,6,0,0,0,10,8,2,4531,466,0,2.8,2.02,0.47,73,36.309999999999995,1.09
Cody Glass,ID8479996,NSH,C,3918,5,0,0,0,9,4,2,2811,1095,12,2.3000000000000003,2.11,0.46,74,36.04,1.13
Mikael Granlund,ID8475798,SJS,C,2003,2,0,0,0,2,2,1,1767,132,104,0.9,1.62,0.45,73,32.85,1.49
Jonathan Drouin,ID8477494,COL,LW,6365,8,0,1,0,13,3,2,5570,795,0,3.6,2.04,0.45,74,36.300000000000004,1.03
Samuel Bolduc,ID8481541,NYI,D,3534,7,0,0,0,7,4,4,3532,0,2,3.1,3.16,0.44,74,35.56,0.86
Alexandre Texier,ID8480074,CBJ,C,9174,9,0,0,0,14,1,5,6963,644,1567,4.0,1.57,0.44,73,36.12,1.09
Barclay Goodrow,ID8476624,NYR,C,5947,9,0,0,0,4,16,4,4776,10,1161,4.0,2.42,0.44,73,36.12,1.18
Christian Fischer,ID8478432,DET,RW,6172,10,0,1,0,11,16,1,5774,130,268,4.2,2.45,0.42,72,34.239999999999995,0.92
Ryan Shea,ID8478854,PIT,D,4070,5,0,0,0,6,0,3,3926,37,107,2.1,1.86,0.42,73,32.66,0.42
Austin Czarnik,ID8478512,DET,C,4398,8,0,1,0,8,0,3,4220,128,50,3.3,2.7,0.41,72,32.519999999999996,0.68
Rourke Chartier,ID8478078,OTT,C,5081,8,0,1,0,8,9,1,3988,103,990,3.2,2.27,0.4,74,32.6,0.46
Boris Katchouk,ID8479383,CHI,LW,5621,8,0,1,0,7,5,2,4716,35,870,3.1999999999999997,2.05,0.4,73,32.2,0.7
Jordan Martinook,ID8476921,CAR,LW,9314,10,0,1,0,23,7,0,7726,144,1444,4.0,1.55,0.4,72,32.8,0.89
Blake Wheeler,ID8471218,NYR,RW,6401,9,0,0,0,18,3,3,6132,267,2,3.6000000000000005,2.02,0.4,73,32.2,1.68
Ilya Solovyov,ID8482470,CGY,D,1990,2,0,0,0,1,2,1,1869,14,107,0.8,1.45,0.4,73,29.200000000000003,0.4
Tristan Luneau,ID8483482,ANA,D,1857,2,0,0,0,1,2,1,1826,31,0,0.8,1.55,0.4,73,29.200000000000003,0.4
Morgan Frost,ID8480028,PHI,C,2697,3,0,0,0,5,2,1,2143,545,9,1.2,1.6,0.4,73,30.200000000000003,1.21
Waltteri Merela,ID8484325,TBL,C,5957,9,0,0,0,11,9,3,5297,8,652,3.5,2.12,0.39,73,31.470000000000002,0.39
Mark Kastelic,ID8480355,OTT,C,3571,8,0,0,0,8,8,3,3473,65,33,3.1,3.13,0.39,74,31.86,0.89
Ryan Poehling,ID8480068,PHI,C,5533,8,0,0,0,7,3,4,4956,142,435,3.0,1.95,0.38,73,30.740000000000002,0.95
Hudson Fasching,ID8477392,NYI,RW,2012,3,0,0,0,3,3,1,2012,0,0,1.1,1.97,0.37,74,28.38,0.91
Pius Suter,ID8480459,VAN,C,7135,8,0,0,0,7,7,3,5772,653,710,2.9000000000000004,1.46,0.36,74,28.64,0.98
Lucas Johansen,ID8479321,WSH,D,1635,2,0,0,0,2,0,1,1570,0,65,0.7,1.54,0.35,74,25.9,0.7
Tomas Nosek,ID8477931,NJD,LW,1460,2,0,0,0,1,1,1,1077,28,355,0.7,1.73,0.35,74,25.9,0.78
Daemon Hunt,ID8482094,MIN,D,585,2,0,0,0,1,1,1,585,0,0,0.7,4.31,0.35,73,25.549999999999997,0.35
Zach Bogosian,ID8474567,TBL,D,1487,2,0,0,0,1,1,1,1413,0,74,0.7,1.69,0.35,73,25.549999999999997,0.98
Dawson Mercer,ID8482110,NJD,C,8053,8,0,0,0,6,1,4,6438,742,873,2.7,1.21,0.34,74,27.16,1.4
Philip Broberg,ID8481598,EDM,D,5031,7,0,0,0,2,2,4,4398,69,564,2.4000000000000004,1.72,0.34,74,27.16,0.63
Jack Drury,ID8480835,CAR,C,6208,10,0,1,0,11,3,2,5414,414,380,3.4000000000000004,1.97,0.34,72,27.48,0.72
Oliver Wahlstrom,ID8480789,NYI,RW,3199,5,0,0,0,7,10,0,2798,401,0,1.7000000000000002,1.91,0.34,74,26.16,1.07
Mattias Janmark,ID8477406,EDM,C,5495,7,0,0,0,7,2,3,4373,50,1072,2.4,1.57,0.34,74,27.16,0.88
Jansen Harkins,ID8478424,PIT,C,2273,4,0,0,0,4,4,1,2121,152,0,1.3,2.06,0.32,73,24.36,0.57
Ryan Reaves,ID8471817,TOR,RW,3751,8,0,0,0,3,17,1,3751,0,0,2.5,2.4,0.31,74,24.94,0.78
Klim Kostin,ID8480011,DET,C,3632,7,0,0,0,5,12,1,3632,0,0,2.2,2.18,0.31,72,24.32,0.89
Dryden Hunt,ID8478211,CGY,LW,2299,3,0,0,0,7,2,0,2051,248,0,0.9000000000000001,1.41,0.3,73,21.9,0.67
Vinni Lettieri,ID8479968,MIN,C,2498,4,0,0,0,5,2,1,2398,63,37,1.2000000000000002,1.73,0.3,73,22.9,1.02
Adam Erne,ID8477454,EDM,LW,2992,6,0,0,0,4,14,0,2672,49,271,1.8,2.17,0.3,74,23.2,1.03
Jaret Anderson-Dolan,ID8479994,LAK,C,411,1,0,0,0,1,2,0,408,3,0,0.30000000000000004,2.63,0.3,74,22.2,0.91
John Ludvig,ID8481206,PIT,D,329,1,0,0,0,1,2,0,326,0,3,0.30000000000000004,3.28,0.3,73,21.9,0.3
Connor Brown,ID8477015,EDM,RW,7485,8,0,0,0,11,7,1,6177,566,742,2.3000000000000003,1.11,0.29,74,23.459999999999997,1.2
Jeff Carter,ID8470604,PIT,C,5713,9,0,0,0,7,4,3,5013,553,147,2.6,1.64,0.29,73,23.169999999999998,1.35
Fraser Minten,ID8483489,TOR,C,2744,4,0,0,0,3,3,1,2635,12,97,1.1,1.44,0.28,74,21.720000000000002,0.28
Victor Olofsson,ID8478109,BUF,LW,4405,6,0,0,0,10,2,1,3957,448,0,1.7,1.39,0.28,73,21.44,1.32
Alexander Barabanov,ID8482222,SJS,LW,5884,6,0,0,0,9,3,1,4757,1127,0,1.7000000000000002,1.04,0.28,73,21.44,1.34
Frederick Gaudreau,ID8477919,MIN,C,5359,6,0,0,0,9,3,1,4061,634,664,1.7000000000000002,1.14,0.28,73,21.44,1.26
Jakub Lauko,ID8480880,BOS,C,3391,6,0,0,0,6,5,1,3245,62,84,1.6,1.7,0.27,73,20.71,0.75
Ryan McLeod,ID8480802,EDM,C,6920,8,0,0,0,5,6,2,5685,509,726,2.1,1.09,0.26,74,21.240000000000002,0.85
Austin Watson,ID8475766,TBL,LW,785,2,0,0,0,0,5,0,785,0,0,0.5,2.29,0.25,73,18.25,1.15
Peyton Krebs,ID8481522,BUF,C,6774,9,0,0,0,5,9,1,5566,653,555,1.9000000000000001,1.01,0.21,73,16.33,0.8
William Lagesson,ID8478021,TOR,D,656,1,0,0,0,1,1,0,604,0,52,0.2,1.1,0.2,74,14.8,0.66
Jonatan Berggren,ID8481013,DET,RW,1119,2,0,0,0,3,0,0,989,130,0,0.30000000000000004,0.97,0.15,72,10.799999999999999,1.07
Sammy Walker,ID8480267,MIN,C,1210,2,0,0,0,1,2,0,1201,9,0,0.30000000000000004,0.89,0.15,73,10.95,0.44
Hendrix Lapierre,ID8482148,WSH,C,448,1,0,0,0,0,1,0,448,0,0,0.1,0.8,0.1,74,7.4,0.56
Sam Bennett,ID8477935,FLA,C,474,1,0,0,0,1,0,0,386,88,0,0.1,0.76,0.1,74,7.4,1.81
Jesper Boqvist,ID8480003,BOS,C,362,1,0,0,0,0,1,0,362,0,0,0.1,0.99,0.1,73,7.300000000000001,0.83
Callahan Burke,ID8482250,CAR,C,426,1,0,0,0,0,1,0,426,0,0,0.1,0.85,0.1,72,7.2,0.47
Scott Perunovich,ID8481059,STL,D,1395,2,0,0,0,0,1,0,1175,220,0,0.1,0.26,0.05,75,3.75,0.74
Tyler Kleven,ID8482095,OTT,D,563,1,0,0,0,0,0,0,563,0,0,0.0,0.0,0.0,74,0.0,0.83
Chris Tierney,ID8476919,NJD,C,781,2,0,0,0,0,0,0,781,0,0,0.0,0.0,0.0,74,0.0,0.74
Nikolas Matinpalo,ID8484321,OTT,D,504,1,0,0,0,0,0,0,469,0,35,0.0,0.0,0.0,74,0.0,0.0
Liam Foudy,ID8480853,CBJ,C,801,2,0,0,0,0,0,0,801,0,0,0.0,0.0,0.0,73,0.0,0.66
Kurtis MacDermid,ID8477073,COL,D,186,1,0,0,0,0,0,0,186,0,0,0.0,0.0,0.0,74,0.0,0.64
