name,id,team,position,timeOnIce,gamePlayed,goals,assists,specialTeams,shots,hits,blocked,evenTimeOnIce,powerPlayTimeOnIce,shortHandedTimeOnIce,fantasyPoints,FPP60,FPPG,gamesRemain,fantasyPace,last3FPPG,PPT_per_game,QBtime
Cale Makar,ID8480069,COL,D,8740,6,3,6,5,16,5,13,5867,1434,1439,23.1,9.51,3.85,76,315.6,2.82,3.9833333333333334,03:59
Noah Dobson,ID8480865,NYI,D,7262,5,1,4,2,13,3,19,5831,993,438,18.1,8.97,3.62,77,296.74,2.13,3.31,03:18
Evan Bouchard,ID8480803,EDM,D,7558,6,2,6,5,22,0,8,5801,1656,101,18.7,8.91,3.12,76,255.12,1.66,4.6,04:36
Dougie Hamilton,ID8476462,NJD,D,6593,5,3,3,3,20,2,5,5705,770,118,15.2,8.3,3.04,77,249.08,2.14,2.566666666666667,02:34
Moritz Seider,ID8481542,DET,D,9483,7,1,6,5,6,10,18,6826,1274,1383,21.1,8.01,3.01,75,246.74999999999997,2.28,3.033333333333333,03:02
Jacob Trouba,ID8476885,NYR,D,7440,6,1,1,0,13,11,25,6362,7,1071,17.9,8.66,2.98,76,243.48,2.26,0.019444444444444445,00:01
John Carlson,ID8474590,WSH,D,7425,5,1,3,1,12,4,15,5111,1324,990,14.600000000000001,7.08,2.92,77,238.84,2.47,4.413333333333333,04:24
Jake Sanderson,ID8482105,OTT,D,8134,6,3,4,3,12,1,9,5386,1371,1377,17.3,7.66,2.88,76,235.88,1.84,3.808333333333333,03:48
Jaccob Slavin,ID8476958,CAR,D,8243,7,3,4,2,19,4,13,6689,32,1522,19.8,8.65,2.83,75,231.25,1.57,0.07619047619047618,00:04
Shayne Gostisbehere,ID8476906,DET,D,8182,7,3,6,6,15,2,6,6503,1291,388,19.7,8.67,2.81,75,229.75,1.83,3.0738095238095235,03:04
Ivan Provorov,ID8478500,CBJ,D,8613,6,0,5,3,5,4,18,6402,987,1224,16.4,6.85,2.73,76,223.48,1.85,2.7416666666666667,02:44
Alec Martinez,ID8474166,VGK,D,3255,3,1,1,1,4,2,9,2917,19,319,8.6,9.51,2.87,75,223.25,1.99,0.10555555555555556,00:06
Jakob Chychrun,ID8479345,OTT,D,7608,6,3,3,2,10,3,10,6589,952,67,16.3,7.71,2.72,76,222.72000000000003,2.02,2.6444444444444444,02:38
Rasmus Andersson,ID8478397,CGY,D,7095,5,1,2,2,13,0,14,5235,1238,622,13.3,6.75,2.66,75,212.5,1.94,4.126666666666667,04:07
Mike Matheson,ID8476875,MTL,D,9237,6,1,2,2,20,5,16,6093,1552,1592,15.5,6.04,2.58,76,211.08,1.78,4.311111111111112,04:18
Shea Theodore,ID8477447,VGK,D,9893,7,2,5,4,21,3,9,7851,1873,169,17.9,6.51,2.56,75,209.0,1.96,4.45952380952381,04:27
Rasmus Dahlin,ID8480839,BUF,D,10173,7,0,7,3,18,16,12,8615,1415,143,17.9,6.33,2.56,75,209.0,2.24,3.369047619047619,03:22
Victor Hedman,ID8475167,TBL,D,10343,7,1,6,3,17,3,12,7855,1496,992,17.5,6.09,2.5,75,204.5,2.42,3.561904761904762,03:33
Henry Thrun,ID8481567,SJS,D,2225,2,0,2,1,1,0,5,1906,265,54,5.1,8.25,2.55,76,198.79999999999998,1.27,2.2083333333333335,02:12
Alexandre Carrier,ID8478851,NSH,D,8608,7,0,2,1,9,4,26,6506,630,1472,16.8,7.03,2.4,75,196.0,1.48,1.5,01:30
Josh Morrissey,ID8477504,WPG,D,8909,6,1,5,3,16,7,7,7195,1631,83,14.3,5.78,2.38,76,194.88,2.13,4.530555555555555,04:31
Dylan DeMelo,ID8476331,WPG,D,7900,6,1,4,1,8,10,12,6294,41,1565,14.3,6.52,2.38,76,194.88,1.33,0.11388888888888889,00:06
Justin Barron,ID8482111,MTL,D,2922,3,2,0,0,4,4,5,2652,78,192,7.300000000000001,8.99,2.43,76,191.68,1.29,0.43333333333333335,00:26
Artem Zub,ID8482245,OTT,D,4309,4,1,2,0,2,8,9,3681,23,605,9.5,7.94,2.38,76,189.88,1.36,0.09583333333333334,00:05
Jake Middleton,ID8478136,MIN,D,6993,6,0,5,1,7,7,14,6129,66,798,13.9,7.16,2.32,76,189.32,1.52,0.18333333333333332,00:11
Brayden McNabb,ID8475188,VGK,D,8568,7,0,4,0,6,9,21,7492,7,1069,16.0,6.72,2.29,75,187.75,1.89,0.016666666666666666,00:01
Scott Mayfield,ID8476429,NYI,D,1007,1,0,0,0,2,2,4,960,0,47,2.4,8.58,2.4,77,186.79999999999998,1.6,0.0,00:00
Miro Heiskanen,ID8480036,DAL,D,7481,5,1,3,2,11,3,8,6145,810,526,11.4,5.49,2.28,77,186.55999999999997,1.95,2.7,02:42
Quinn Hughes,ID8480800,VAN,D,9014,6,1,5,4,20,2,5,7180,1207,627,13.7,5.47,2.28,76,186.27999999999997,1.91,3.3527777777777774,03:21
Sean Walker,ID8480336,PHI,D,7535,6,2,1,2,10,11,11,6395,195,945,13.6,6.5,2.27,76,185.52,1.33,0.5416666666666666,00:32
Adam Fox,ID8479323,NYR,D,8119,6,1,5,5,7,3,6,6471,1211,437,13.5,5.99,2.25,76,184.0,2.29,3.363888888888889,03:21
Travis Sanheim,ID8477948,PHI,D,9345,6,0,5,2,14,5,11,7201,990,1154,13.4,5.16,2.23,76,182.48,1.54,2.75,02:45
Sean Durzi,ID8480434,ARI,D,8398,6,2,2,2,16,3,9,6309,1798,291,13.4,5.74,2.23,76,182.48,1.94,4.9944444444444445,04:59
Jonas Brodin,ID8476463,MIN,D,8046,6,1,2,0,10,3,16,6799,371,876,13.3,5.95,2.22,76,181.72000000000003,1.65,1.0305555555555557,01:01
Charlie McAvoy,ID8479325,BOS,D,8759,6,0,3,2,14,14,13,6462,1357,940,13.3,5.47,2.22,76,181.72000000000003,2.25,3.7694444444444444,03:46
TJ Brodie,ID8474673,TOR,D,7260,6,0,1,0,7,6,22,6138,9,1113,13.3,6.6,2.22,76,181.72000000000003,1.33,0.025,00:01
Brett Pesce,ID8477488,CAR,D,5804,5,1,1,0,7,5,14,4792,85,927,11.2,6.95,2.24,75,179.00000000000003,1.45,0.2833333333333333,00:17
Mario Ferraro,ID8479983,SJS,D,7962,6,0,1,0,15,11,19,6559,36,1367,13.100000000000001,5.92,2.18,76,178.68,1.64,0.1,00:06
Kaedan Korczak,ID8481527,VGK,D,4056,4,1,3,1,7,8,4,3666,209,181,9.0,7.99,2.25,75,177.75,1.31,0.8708333333333333,00:52
Jake Walman,ID8478013,DET,D,8617,7,1,2,2,9,2,18,6735,581,1301,15.1,6.31,2.16,75,177.0,1.47,1.3833333333333333,01:23
MacKenzie Weegar,ID8477346,CGY,D,9109,7,1,0,0,20,5,21,7380,427,1302,15.0,5.93,2.14,75,175.5,1.88,1.0166666666666666,01:01
Morgan Rielly,ID8476853,TOR,D,8301,6,1,4,2,13,5,8,7612,483,206,12.8,5.55,2.13,76,173.88,1.92,1.3416666666666666,01:20
Egor Zamula,ID8481178,PHI,D,4048,4,1,2,1,5,1,7,3826,69,153,8.6,7.65,2.15,76,171.4,1.11,0.2875,00:17
Brady Skjei,ID8476869,CAR,D,8538,7,1,5,2,11,3,10,7219,79,1240,14.4,6.07,2.06,75,168.5,1.43,0.18809523809523812,00:11
Ilya Lyubushkin,ID8480950,ANA,D,6183,6,0,0,0,5,13,21,4887,0,1296,12.3,7.16,2.05,76,167.79999999999998,1.21,0.0,00:00
Mikhail Sergachev,ID8479410,TBL,D,9744,7,0,3,2,9,4,18,8365,657,722,14.3,5.28,2.04,75,167.0,2.1,1.5642857142857143,01:33
Matt Roy,ID8478911,LAK,D,7617,6,0,2,1,11,11,15,6215,263,1139,12.2,5.77,2.03,76,166.27999999999997,1.64,0.7305555555555556,00:43
Oliver Ekman-Larsson,ID8475171,FLA,D,8804,6,1,2,2,15,5,10,6182,1726,896,12.0,4.91,2.0,76,164.0,1.3,4.794444444444445,04:47
Kaiden Guhle,ID8482087,MTL,D,2806,3,0,1,0,7,5,8,2212,33,561,6.2,7.95,2.07,76,163.32,1.7,0.18333333333333332,00:11
Brent Burns,ID8470613,CAR,D,9281,7,2,2,3,15,2,9,6503,1576,1202,13.7,5.31,1.96,75,160.0,2.05,3.7523809523809524,03:45
Vince Dunn,ID8478407,SEA,D,9996,7,1,6,5,12,4,3,8540,1393,63,13.6,4.9,1.94,75,158.5,1.7,3.316666666666667,03:19
Derek Forbort,ID8475762,BOS,D,5531,5,0,2,0,4,9,13,4221,25,1285,9.8,6.38,1.96,76,157.96,1.29,0.08333333333333333,00:05
David Savard,ID8475233,MTL,D,6111,5,0,2,0,4,4,14,4547,5,1559,9.8,5.77,1.96,76,157.96,1.84,0.016666666666666666,00:01
Colton Parayko,ID8476892,STL,D,6980,5,1,0,0,8,6,12,6315,31,634,9.4,4.85,1.88,77,153.76,1.74,0.10333333333333333,00:06
Erik Gudbranson,ID8475790,CBJ,D,7074,6,0,0,0,9,3,20,5736,7,1331,11.2,5.7,1.87,76,153.12,1.38,0.019444444444444445,00:01
Erik Gustafsson,ID8476979,NYR,D,6407,6,2,2,1,10,2,7,5909,374,124,11.2,6.29,1.87,76,153.12,1.33,1.038888888888889,01:02
Niko Mikkola,ID8478859,FLA,D,6785,6,1,0,0,9,8,15,5768,13,1004,11.2,5.94,1.87,76,153.12,1.18,0.03611111111111111,00:02
Thomas Chabot,ID8478469,OTT,D,8862,6,0,3,0,15,2,13,7350,1259,253,11.2,4.55,1.87,76,153.12,2.12,3.4972222222222222,03:29
Adam Pelech,ID8476917,NYI,D,6619,5,0,1,0,4,8,14,5898,3,718,9.200000000000001,5.0,1.84,77,150.68,1.57,0.01,00:00
Jake Bean,ID8479402,CBJ,D,6350,6,1,2,0,11,4,11,5908,25,417,11.0,6.24,1.83,76,150.08,1.32,0.06944444444444445,00:04
Zach Werenski,ID8478460,CBJ,D,5296,4,1,2,0,13,2,4,4088,921,287,7.5,5.1,1.88,76,149.88,2.06,3.8375,03:50
Mark Giordano,ID8470966,TOR,D,5692,6,0,1,0,11,8,16,4773,10,909,10.899999999999999,6.89,1.82,76,148.32,1.71,0.02777777777777778,00:01
Jamie Oleksiak,ID8476467,SEA,D,8095,7,0,0,0,9,11,21,6737,8,1350,12.5,5.56,1.79,75,146.25,1.39,0.019047619047619046,00:01
Filip Hronek,ID8479425,VAN,D,9163,6,0,4,0,12,5,10,7687,442,1034,10.700000000000001,4.2,1.78,76,145.28,1.52,1.2277777777777779,01:13
Seth Jones,ID8477495,CHI,D,10551,7,0,3,0,9,5,16,7411,2014,1126,12.4,4.23,1.77,75,144.75,2.11,4.795238095238095,04:47
Vladislav Gavrikov,ID8478882,LAK,D,7946,6,2,1,0,9,2,9,6713,91,1142,10.600000000000001,4.8,1.77,76,144.52,1.53,0.25277777777777777,00:15
Dmitry Kulikov,ID8475179,FLA,D,6775,6,0,3,1,5,10,11,5716,53,1006,10.5,5.58,1.75,76,143.0,1.32,0.14722222222222223,00:08
Adam Larsson,ID8476457,SEA,D,10067,7,0,0,0,12,20,18,8662,116,1289,12.2,4.36,1.74,75,142.5,1.82,0.2761904761904762,00:16
Roman Josi,ID8474600,NSH,D,9986,7,0,3,1,24,7,11,7857,1987,142,12.1,4.36,1.73,75,141.75,2.89,4.73095238095238,04:43
Ryan Pulock,ID8477506,NYI,D,7387,5,0,1,0,5,15,11,6317,309,761,8.5,4.14,1.7,77,138.9,1.73,1.03,01:01
Ryan McDonagh,ID8474151,NSH,D,8561,7,0,2,0,5,4,18,6966,84,1511,11.9,5.0,1.7,75,138.5,1.66,0.2,00:12
Andrew Peeke,ID8479369,CBJ,D,1030,1,0,0,0,0,3,3,875,0,155,1.8,6.29,1.8,76,137.8,1.68,0.0,00:00
Noah Hanifin,ID8478396,CGY,D,9697,7,0,4,2,14,4,10,7508,1101,1088,11.8,4.38,1.69,75,137.75,1.68,2.6214285714285714,02:37
Darnell Nurse,ID8477498,EDM,D,8354,6,1,1,0,15,11,9,6820,500,1034,10.100000000000001,4.35,1.68,76,137.68,2.13,1.3888888888888888,01:23
Josh Manson,ID8476312,COL,D,5777,6,0,1,1,9,6,14,4572,0,1205,10.0,6.23,1.67,76,136.92,1.37,0.0,00:00
Cam York,ID8481546,PHI,D,8315,6,1,1,0,12,3,11,6748,1134,433,10.0,4.33,1.67,76,136.92,1.3,3.15,03:09
Brenden Dillon,ID8475455,WPG,D,6693,6,0,0,0,6,18,15,5338,13,1342,9.9,5.32,1.65,76,134.39999999999998,1.34,0.03611111111111111,00:02
Thomas Harley,ID8481581,DAL,D,5806,5,1,2,0,5,2,7,5678,47,81,8.2,5.08,1.64,77,134.27999999999997,0.93,0.15666666666666668,00:09
Mattias Samuelsson,ID8480807,BUF,D,8386,7,1,1,0,5,15,13,6772,9,1605,11.5,4.94,1.64,75,134.0,1.37,0.02142857142857143,00:01
Ben Chiarot,ID8475279,DET,D,7988,7,1,1,0,9,10,13,6933,149,906,11.4,5.14,1.63,75,133.25,1.75,0.3547619047619047,00:21
Connor Murphy,ID8476473,CHI,D,7575,7,0,1,0,2,17,17,6470,79,1026,11.4,5.42,1.63,75,133.25,1.71,0.18809523809523812,00:11
Justin Faulk,ID8475753,STL,D,7044,5,0,1,0,9,7,11,5936,579,529,8.1,4.14,1.62,77,132.74,1.98,1.93,01:55
Pavel Mintyukov,ID8483490,ANA,D,7000,6,1,2,0,10,12,7,5451,1184,365,9.7,4.99,1.62,76,132.12,1.62,3.288888888888889,03:17
Ryan Graves,ID8477435,PIT,D,7738,6,0,2,0,8,4,13,6965,2,771,9.700000000000001,4.51,1.62,76,132.12,1.66,0.005555555555555555,00:00
Devon Toews,ID8478038,COL,D,8437,6,1,3,1,9,3,6,6395,449,1593,9.7,4.14,1.62,76,132.12,2.0,1.2472222222222222,01:14
Alexander Romanov,ID8481014,NYI,D,6059,5,0,0,0,7,8,13,5555,3,501,8.0,4.75,1.6,77,131.2,1.55,0.01,00:00
Jonas Siegenthaler,ID8478399,NJD,D,6166,5,0,3,0,6,9,7,5192,19,955,8.0,4.67,1.6,77,131.2,1.39,0.06333333333333332,00:03
Drew Doughty,ID8474563,LAK,D,9366,6,1,2,0,9,12,7,6772,1635,959,9.6,3.69,1.6,76,130.60000000000002,1.98,4.541666666666667,04:32
Ian Cole,ID8474013,VAN,D,7721,6,0,1,0,4,6,15,6546,142,1033,9.5,4.43,1.58,76,129.08,1.29,0.3944444444444445,00:23
Brock Faber,ID8482122,MIN,D,8444,6,1,1,0,6,4,11,7449,61,934,9.5,4.05,1.58,76,129.08,1.76,0.16944444444444443,00:10
Bowen Byram,ID8481524,COL,D,6496,6,1,1,0,6,8,10,6161,139,196,9.4,5.21,1.57,76,128.32,1.72,0.3861111111111111,00:23
Erik Karlsson,ID8474578,PIT,D,9199,6,1,3,0,15,4,5,7859,1112,228,9.4,3.68,1.57,76,128.32,2.2,3.088888888888889,03:05
Mikey Anderson,ID8479998,LAK,D,6914,6,0,4,1,5,14,6,5976,10,928,9.4,4.89,1.57,76,128.32,1.35,0.02777777777777778,00:01
Samuel Girard,ID8479398,COL,D,7494,6,0,1,0,7,6,14,6370,0,1124,9.3,4.47,1.55,76,126.8,1.54,0.0,00:00
Cam Fowler,ID8475764,ANA,D,8595,6,1,1,0,7,1,11,6043,838,1714,9.3,3.9,1.55,76,126.8,1.68,2.3277777777777775,02:19
John Klingberg,ID8475906,TOR,D,7390,6,0,5,2,5,3,5,6106,1280,4,9.3,4.53,1.55,76,126.8,1.61,3.555555555555556,03:33
Alex Vlasic,ID8481568,CHI,D,8082,7,0,2,0,8,7,14,7042,9,1031,10.5,4.68,1.5,75,122.5,1.09,0.02142857142857143,00:01
Torey Krug,ID8476792,STL,D,6888,5,0,0,0,7,2,13,5302,1030,556,7.4,3.87,1.48,77,120.96,1.72,3.433333333333333,03:26
Jamie Drysdale,ID8482142,ANA,D,2700,2,0,2,0,3,3,1,2065,279,356,3.0999999999999996,4.13,1.55,76,120.8,1.14,2.325,02:19
Kris Letang,ID8471724,PIT,D,8742,6,0,4,0,13,6,6,7680,401,661,8.9,3.67,1.48,76,120.48,2.35,1.1138888888888887,01:06
Brandon Carlo,ID8478443,BOS,D,7093,6,0,2,0,8,1,12,5568,24,1501,8.9,4.52,1.48,76,120.48,1.31,0.06666666666666667,00:04
K'Andre Miller,ID8480817,NYR,D,7634,6,0,4,1,5,3,7,6561,363,710,8.8,4.15,1.47,76,119.72,1.46,1.0083333333333333,01:00
Erik Johnson,ID8473446,BUF,D,6343,7,1,0,0,7,10,13,4669,0,1674,10.2,5.79,1.46,75,119.5,1.53,0.0,00:00
Dante Fabbro,ID8479371,NSH,D,6177,6,0,1,0,7,6,13,5701,32,444,8.8,5.13,1.47,75,118.25,1.35,0.08888888888888888,00:05
Carson Soucy,ID8477369,VAN,D,3873,4,1,0,1,2,7,5,3353,51,469,5.9,5.48,1.48,76,117.48,1.28,0.2125,00:12
Jordan Oesterle,ID8477851,CGY,D,2638,3,0,0,0,4,1,8,2602,0,36,4.5,6.14,1.5,75,116.5,1.02,0.0,00:00
Timothy Liljegren,ID8480043,TOR,D,7064,6,0,1,1,5,5,12,5930,395,739,8.5,4.33,1.42,76,115.91999999999999,1.31,1.097222222222222,01:05
Matt Dumba,ID8476856,ARI,D,7652,6,1,0,0,9,10,9,6382,78,1192,8.4,3.95,1.4,76,114.39999999999999,1.45,0.21666666666666667,00:13
Marcus Pettersson,ID8477969,PIT,D,7508,6,0,2,0,6,3,11,6658,23,827,8.4,4.03,1.4,76,114.39999999999999,1.37,0.0638888888888889,00:03
Radko Gudas,ID8475462,ANA,D,6686,6,0,0,0,3,15,13,5157,52,1477,8.3,4.47,1.38,76,112.88,1.65,0.14444444444444443,00:08
Tyler Myers,ID8474574,VAN,D,5960,6,1,1,0,6,2,9,5109,121,730,8.3,5.01,1.38,76,112.88,1.44,0.33611111111111114,00:20
Esa Lindell,ID8476902,DAL,D,6040,5,0,0,0,7,7,11,5043,7,990,6.9,4.11,1.38,77,112.25999999999999,1.62,0.02333333333333333,00:01
Kevin Korchinski,ID8483466,CHI,D,8255,7,0,2,1,6,0,13,6969,1161,125,9.6,4.19,1.37,75,111.75000000000001,1.37,2.7642857142857142,02:45
Nicolas Hague,ID8479980,VGK,D,8626,7,1,2,0,8,3,9,7508,34,1084,9.6,4.01,1.37,75,111.75000000000001,1.38,0.08095238095238094,00:04
Brayden Pachal,ID8481167,VGK,D,6981,7,1,0,0,6,14,11,6024,0,957,9.5,4.9,1.36,75,111.00000000000001,1.2,0.0,00:00
Dakota Mermis,ID8477541,MIN,D,3214,4,1,2,0,3,2,2,2995,152,67,5.5,6.16,1.38,76,109.88,1.02,0.6333333333333333,00:38
Martin Fehervary,ID8480796,WSH,D,5465,5,0,0,0,5,12,10,4724,23,718,6.7,4.41,1.34,77,109.18,1.61,0.07666666666666666,00:04
Jan Rutta,ID8480172,SJS,D,6730,6,0,0,0,4,1,15,5693,244,793,8.0,4.28,1.33,76,109.08000000000001,1.04,0.6777777777777777,00:40
Neal Pionk,ID8480145,WPG,D,7437,6,0,3,0,8,12,6,5888,930,619,8.0,3.87,1.33,76,109.08000000000001,1.63,2.5833333333333335,02:35
Alex Goligoski,ID8471274,MIN,D,2055,2,0,0,0,1,2,5,1826,134,95,2.8,4.91,1.4,76,108.39999999999999,1.25,1.1166666666666667,01:07
Matt Benning,ID8476988,SJS,D,6648,6,0,1,0,7,2,12,5598,4,1046,7.9,4.28,1.32,76,107.32000000000001,1.16,0.01111111111111111,00:00
Alex Pietrangelo,ID8474565,VGK,D,2751,2,0,1,0,3,0,3,2019,204,528,2.8,3.66,1.4,75,107.0,2.35,1.7,01:42
Darren Raddysh,ID8478178,TBL,D,8359,7,0,3,0,10,6,9,7788,117,454,9.1,3.92,1.3,75,106.5,1.06,0.2785714285714286,00:16
Tyson Barrie,ID8475197,NSH,D,8307,7,0,4,1,9,2,7,6714,1554,39,9.100000000000001,3.94,1.3,75,106.5,1.65,3.7,03:42
Owen Power,ID8482671,BUF,D,9639,7,0,3,0,10,0,10,8032,718,889,9.0,3.36,1.29,75,105.75,1.3,1.7095238095238094,01:42
Kyle Burroughs,ID8477335,SJS,D,7007,6,0,0,0,6,16,11,6178,350,479,7.7,3.96,1.28,76,104.28,1.35,0.9722222222222222,00:58
Damon Severson,ID8476923,CBJ,D,6928,6,0,2,1,5,5,8,5968,482,478,7.5,3.9,1.25,76,102.0,1.55,1.3388888888888888,01:20
Tyler Tucker,ID8481006,STL,D,3852,5,1,0,0,4,8,6,3635,26,191,6.2,5.79,1.24,77,101.48,1.01,0.08666666666666667,00:05
Josh Brown,ID8477384,ARI,D,1565,2,0,0,0,1,5,4,1294,0,271,2.6,5.98,1.3,76,100.8,1.21,0.0,00:00
Jeff Petry,ID8473507,DET,D,4111,4,0,2,0,4,7,4,3823,194,94,5.1,4.47,1.27,75,100.25,1.89,0.8083333333333333,00:48
Connor Clifton,ID8477365,BUF,D,7165,7,0,1,0,12,23,8,6424,18,723,8.5,4.27,1.21,75,98.75,1.34,0.04285714285714286,00:02
Mattias Ekholm,ID8475218,EDM,D,5766,5,0,1,0,10,11,6,4708,380,678,6.1,3.81,1.22,76,98.72,1.47,1.2666666666666666,01:16
Chris Tanev,ID8475690,CGY,D,7775,7,0,0,0,11,3,14,6213,46,1516,8.4,3.89,1.2,75,98.0,1.48,0.10952380952380952,00:06
Olli Maatta,ID8476874,DET,D,5571,6,0,2,0,4,3,9,5286,74,211,7.2,4.65,1.2,75,97.0,1.22,0.20555555555555557,00:12
Mark Friedman,ID8478017,VAN,D,2705,3,0,0,0,0,6,6,2705,0,0,3.5999999999999996,4.79,1.2,76,94.2,0.99,0.0,00:00
Nikita Zadorov,ID8477507,CGY,D,7707,7,0,2,0,11,14,7,7002,57,648,8.0,3.74,1.14,75,93.49999999999999,1.17,0.1357142857142857,00:08
Hardy Haman Aktell,ID8479522,WSH,D,480,1,0,0,0,1,1,2,480,0,0,1.2,9.0,1.2,77,93.39999999999999,1.2,0.0,00:00
John Marino,ID8478507,NJD,D,5822,5,0,2,0,3,3,6,4708,60,1054,5.6,3.46,1.12,77,91.24000000000001,1.12,0.2,00:12
Braden Schneider,ID8482073,NYR,D,5490,6,0,0,0,7,10,10,5148,16,326,6.699999999999999,4.39,1.12,76,91.12,1.27,0.04444444444444444,00:02
Jackson LaCombe,ID8481605,ANA,D,6811,6,0,1,0,4,2,10,5295,208,1308,6.6000000000000005,3.49,1.1,76,89.60000000000001,1.41,0.5777777777777777,00:34
Juuso Valimaki,ID8479976,ARI,D,6770,6,0,3,3,3,3,3,5956,756,58,6.6,3.51,1.1,76,89.60000000000001,1.32,2.1,02:06
Dmitry Orlov,ID8475200,CAR,D,7442,7,0,2,2,9,8,6,5876,1379,187,7.7,3.72,1.1,75,89.5,1.64,3.283333333333333,03:17
Will Borgen,ID8478840,SEA,D,7208,7,0,2,0,11,11,7,6305,0,903,7.700000000000001,3.85,1.1,75,89.5,1.15,0.0,00:00
Akito Hirose,ID8484254,VAN,D,1513,2,0,0,0,0,3,4,1320,147,46,2.3,5.47,1.15,76,89.39999999999999,1.14,1.225,01:13
Noah Juulsen,ID8478454,VAN,D,2238,3,0,1,0,1,8,3,1899,45,294,3.4000000000000004,5.47,1.13,76,88.88,1.14,0.25,00:15
Brian Dumoulin,ID8475208,SEA,D,6604,7,0,2,0,4,7,9,5704,22,878,7.6,4.14,1.09,75,88.75,1.42,0.05238095238095238,00:03
Travis Hamonic,ID8474612,OTT,D,5400,6,0,1,0,7,8,8,4131,28,1241,6.5,4.33,1.08,76,88.08000000000001,1.67,0.07777777777777778,00:04
Henri Jokiharju,ID8480035,BUF,D,6715,7,0,3,0,7,3,7,6475,39,201,7.5,4.02,1.07,75,87.25,1.07,0.09285714285714285,00:05
Justin Holl,ID8475718,DET,D,6201,6,0,3,0,1,4,6,5343,59,799,6.5,3.77,1.08,75,87.0,1.39,0.1638888888888889,00:09
Jani Hakanpää,ID8475825,DAL,D,5316,5,0,0,0,5,8,8,4471,15,830,5.3,3.59,1.06,77,86.62,1.36,0.05,00:03
Ben Hutton,ID8477018,VGK,D,4509,5,0,1,0,8,1,7,4154,355,0,5.4,4.31,1.08,75,86.0,1.12,1.1833333333333333,01:11
Jake McCabe,ID8476931,TOR,D,7036,6,0,0,0,6,12,9,6359,11,666,6.3,3.22,1.05,76,85.8,1.72,0.030555555555555555,00:01
Calen Addison,ID8480884,MIN,D,6738,6,0,3,1,11,2,3,5086,1652,0,6.3,3.37,1.05,76,85.8,1.06,4.588888888888889,04:35
Luke Hughes,ID8482684,NJD,D,5714,5,1,0,1,7,0,4,4476,1232,6,5.2,3.28,1.04,77,85.08,1.43,4.1066666666666665,04:06
Nick Perbix,ID8480246,TBL,D,6442,7,0,1,0,6,2,11,6433,9,0,7.300000000000001,4.08,1.04,75,85.0,1.09,0.02142857142857143,00:01
Gustav Lindström,ID8480184,MTL,D,707,1,0,0,0,1,0,2,707,0,0,1.1,5.6,1.1,76,84.60000000000001,0.95,0.0,00:00
Andreas Englund,ID8477971,LAK,D,4331,6,0,2,0,1,16,5,3751,0,580,6.2,5.15,1.03,76,84.28,0.81,0.0,00:00
Arber Xhekaj,ID8482964,MTL,D,5864,6,0,2,0,7,15,4,5187,541,136,6.2,3.81,1.03,76,84.28,1.26,1.5027777777777778,01:30
Jordan Spence,ID8481606,LAK,D,4278,5,0,1,0,3,4,7,3558,657,63,5.2,4.38,1.04,76,84.04,1.18,2.19,02:11
Ryan Suter,ID8470600,DAL,D,5763,5,0,1,0,8,3,6,5243,49,471,5.1,3.19,1.02,77,83.54,1.28,0.16333333333333336,00:09
Nick Leddy,ID8475181,STL,D,6391,5,0,0,0,4,1,9,5912,9,470,5.0,2.82,1.0,77,82.0,1.04,0.030000000000000002,00:01
Rasmus Sandin,ID8480873,WSH,D,6564,5,0,0,0,5,5,8,6024,425,115,5.0,2.74,1.0,77,82.0,1.36,1.4166666666666667,01:25
Kevin Bahl,ID8480860,NJD,D,5776,5,0,0,0,4,11,7,5008,29,739,5.0,3.12,1.0,77,82.0,0.94,0.09666666666666666,00:05
Tony DeAngelo,ID8477950,CAR,D,6346,7,0,3,2,15,0,3,4471,1845,30,7.0,3.97,1.0,75,82.0,1.78,4.392857142857142,04:23
Trevor van Riemsdyk,ID8477845,WSH,D,5977,5,0,0,0,5,0,9,4953,12,1012,5.0,3.01,1.0,77,82.0,1.45,0.04,00:02
Ty Emberson,ID8480834,SJS,D,1685,2,0,0,0,3,3,3,1646,0,39,2.0999999999999996,4.49,1.05,76,81.8,1.05,0.0,00:00
Brendan Smith,ID8474090,NJD,D,4569,5,0,0,0,9,10,6,3947,0,622,4.9,3.86,0.98,77,79.46,1.0,0.0,00:00
Nick Jensen,ID8475324,WSH,D,5691,5,0,0,0,4,5,8,4380,5,1306,4.9,3.1,0.98,77,79.46,1.39,0.016666666666666666,00:01
Nick Seeler,ID8476372,PHI,D,5378,6,0,0,0,5,3,10,4662,0,716,5.8,3.88,0.97,76,78.72,1.38,0.0,00:00
Hampus Lindholm,ID8476854,BOS,D,8389,6,0,0,0,12,1,9,6625,782,982,5.8,2.49,0.97,76,78.72,1.61,2.1722222222222225,02:10
Johnathan Kovacevic,ID8480192,MTL,D,6728,6,0,0,0,4,4,10,5435,68,1225,5.800000000000001,3.1,0.97,76,78.72,1.01,0.1888888888888889,00:11
Zac Jones,ID8481708,NYR,D,750,1,0,0,0,4,1,1,750,0,0,1.0,4.8,1.0,76,77.0,0.82,0.0,00:00
Jarred Tinordi,ID8475797,CHI,D,4082,5,0,0,0,5,13,6,3678,0,404,4.800000000000001,4.23,0.96,75,76.0,1.32,0.0,00:00
David Jiricek,ID8483460,CBJ,D,4180,5,1,1,0,4,3,2,4103,5,72,4.7,4.05,0.94,76,75.44,1.07,0.016666666666666666,00:01
Wyatt Kaiser,ID8482176,CHI,D,6931,7,0,0,0,3,6,11,6043,8,880,6.4,3.32,0.91,75,74.25,1.02,0.019047619047619046,00:01
Kevin Shattenkirk,ID8474031,BOS,D,4664,5,0,1,0,7,3,5,4117,534,13,4.5,3.47,0.9,76,72.4,1.61,1.78,01:46
Nikita Zaitsev,ID8479458,CHI,D,1783,2,0,0,0,0,4,3,1774,3,6,1.9000000000000001,3.84,0.95,75,72.25,1.3,0.025,00:01
Jordan Harris,ID8480887,MTL,D,6898,6,0,0,0,3,4,9,5880,11,1007,5.2,2.71,0.87,76,71.12,1.2,0.030555555555555555,00:01
Nikolai Knyzhov,ID8481812,SJS,D,5766,5,0,1,0,1,3,6,5171,258,337,4.4,2.75,0.88,76,70.88,0.97,0.86,00:51
Vincent Desharnais,ID8479576,EDM,D,3201,4,0,0,0,1,4,6,2512,0,689,3.5,3.94,0.88,76,69.88,0.98,0.0,00:00
Marc Staal,ID8471686,PHI,D,3736,4,0,0,0,3,2,6,3026,18,692,3.5,3.37,0.88,76,69.88,1.13,0.075,00:04
Jon Merrill,ID8475750,MIN,D,5753,6,0,1,0,3,3,7,4823,173,757,5.1,3.19,0.85,76,69.6,1.16,0.4805555555555555,00:28
Travis Dermott,ID8478408,ARI,D,6599,6,0,0,0,6,4,8,5574,29,996,5.0,2.73,0.83,76,68.08,0.72,0.08055555555555555,00:04
Chad Ruhwedel,ID8477244,PIT,D,3541,5,0,0,0,0,7,7,2828,0,713,4.2,4.27,0.84,76,67.84,1.01,0.0,00:00
Luke Schenn,ID8474568,NSH,D,911,1,0,0,0,0,4,1,787,0,124,0.9,3.56,0.9,75,67.5,1.62,0.0,00:00
Marco Scandella,ID8474618,STL,D,3867,5,0,1,0,2,4,5,3691,9,167,4.1,3.82,0.82,77,67.13999999999999,1.01,0.030000000000000002,00:01
Sebastian Aho,ID8480222,NYI,D,4300,5,0,0,0,5,2,7,3622,511,167,4.2,3.52,0.84,77,67.0,1.1,1.7033333333333334,01:42
Emil Andrae,ID8482126,PHI,D,3120,4,0,0,0,0,2,6,3105,15,0,3.2,3.69,0.8,76,63.800000000000004,0.8,0.0625,00:03
Brett Kulak,ID8476967,EDM,D,5774,6,0,0,0,9,2,7,4818,69,887,4.6,2.87,0.77,76,62.52,1.12,0.19166666666666668,00:11
Dennis Gilbert,ID8478502,CGY,D,4679,6,0,1,0,3,13,4,4620,6,53,4.6,3.54,0.77,75,61.75,1.01,0.016666666666666666,00:01
Josh Mahura,ID8479372,FLA,D,4460,6,0,2,0,7,3,3,4192,0,268,4.5,3.63,0.75,76,61.0,0.97,0.0,00:00
Matt Grzelcyk,ID8476891,BOS,D,6086,6,0,0,0,8,2,7,5606,95,385,4.5,2.66,0.75,76,61.0,1.15,0.2638888888888889,00:15
Erik Cernak,ID8478416,TBL,D,7925,7,0,0,0,2,14,7,6932,10,983,5.1000000000000005,2.32,0.73,75,59.75,1.36,0.02380952380952381,00:01
Alexander Alexeyev,ID8480823,WSH,D,1495,2,0,0,0,0,0,3,1495,0,0,1.5,3.61,0.75,77,58.75,1.05,0.0,00:00
Calvin de Haan,ID8475177,TBL,D,4579,5,0,0,0,2,5,6,4201,11,367,3.7,2.91,0.74,75,58.5,1.41,0.03666666666666667,00:02
Justin Schultz,ID8474602,SEA,D,6634,7,1,0,0,9,1,4,5534,1082,18,5.0,2.71,0.71,75,58.25,1.22,2.5761904761904764,02:34
Erik Brannstrom,ID8480073,OTT,D,5661,6,0,0,0,9,3,6,4826,159,676,4.2,2.67,0.7,76,57.199999999999996,1.11,0.44166666666666665,00:26
Cody Ceci,ID8476879,EDM,D,7277,6,0,1,0,4,3,5,6186,25,1066,4.2,2.08,0.7,76,57.199999999999996,1.31,0.06944444444444445,00:04
J.J. Moser,ID8482655,ARI,D,5670,6,0,0,0,4,6,6,5105,2,563,4.0,2.54,0.67,76,54.92,1.44,0.005555555555555555,00:00
Ryan Lindgren,ID8479324,NYR,D,6037,5,0,0,0,3,6,5,5160,0,877,3.4000000000000004,2.03,0.68,76,54.68000000000001,1.32,0.0,00:00
Troy Stecher,ID8479442,ARI,D,4324,4,0,0,0,5,2,4,3915,9,400,2.7,2.25,0.68,76,53.68000000000001,0.99,0.0375,00:02
Jeremy Lauzon,ID8478468,NSH,D,6472,7,0,0,0,8,16,4,5887,17,568,4.4,2.45,0.63,75,51.25,1.15,0.04047619047619047,00:02
Nils Lundkvist,ID8480878,DAL,D,5241,5,0,0,0,4,2,5,4657,584,0,3.1,2.13,0.62,77,50.74,1.03,1.9466666666666665,01:56
Gustav Forsling,ID8478055,FLA,D,8837,6,0,0,0,7,5,5,7014,538,1285,3.7,1.51,0.62,76,50.12,1.58,1.4944444444444445,01:29
Jack Johnson,ID8471677,COL,D,5069,6,0,1,0,6,0,4,4589,0,480,3.6,2.56,0.6,76,48.6,0.97,0.0,00:00
Adam Boqvist,ID8480871,CBJ,D,1935,2,0,0,0,2,0,2,1780,133,22,1.2000000000000002,2.23,0.6,76,46.6,1.36,1.1083333333333334,01:06
Ryan Shea,ID8478854,PIT,D,1719,2,0,0,0,2,0,2,1612,0,107,1.2,2.51,0.6,76,46.6,0.6,0.0,00:00
Nate Schmidt,ID8477220,WPG,D,5023,5,0,1,0,5,4,2,3940,780,303,2.9000000000000004,2.08,0.58,76,46.08,1.29,2.6,02:36
Logan Stanley,ID8479378,WPG,D,870,1,0,0,0,0,1,1,870,0,0,0.6,2.48,0.6,76,45.6,1.36,0.0,00:00
Marc-Edouard Vlasic,ID8471709,SJS,D,2409,4,0,0,0,2,1,4,2262,0,147,2.3,3.44,0.57,76,45.31999999999999,1.05,0.0,00:00
Jalen Chatfield,ID8478970,CAR,D,3520,5,0,0,0,5,3,4,3077,2,441,2.8,2.86,0.56,75,44.00000000000001,0.87,0.006666666666666667,00:00
Uvis Balinskis,ID8484304,FLA,D,4947,6,0,0,0,3,9,4,4756,61,130,3.1999999999999997,2.33,0.53,76,43.28,0.53,0.16944444444444443,00:10
Pierre-Olivier Joseph,ID8480058,PIT,D,2846,4,0,0,0,5,0,3,2811,26,9,2.0,2.53,0.5,76,40.0,0.85,0.10833333333333334,00:06
Ian Mitchell,ID8480070,BOS,D,1282,2,0,1,0,0,0,0,1273,9,0,1.0,2.81,0.5,76,39.0,0.88,0.075,00:04
Jacob Bernard-Docker,ID8480879,OTT,D,1549,2,0,0,0,0,0,2,1465,21,63,1.0,2.32,0.5,76,39.0,0.81,0.175,00:10
Tobias Bjornfot,ID8481600,LAK,D,612,1,0,0,0,0,0,1,612,0,0,0.5,2.94,0.5,76,38.0,0.71,0.0,00:00
Dylan Samberg,ID8480049,WPG,D,5178,6,0,1,0,2,6,2,4593,7,578,2.8,1.95,0.47,76,37.72,1.09,0.019444444444444445,00:01
Tristan Luneau,ID8483482,ANA,D,1857,2,0,0,0,1,2,1,1826,31,0,0.8,1.55,0.4,76,30.400000000000002,0.4,0.25833333333333336,00:15
Philip Broberg,ID8481598,EDM,D,3849,5,0,0,0,2,2,3,3249,69,531,1.9000000000000001,1.78,0.38,76,29.88,0.64,0.23,00:13
Samuel Bolduc,ID8481541,NYI,D,2117,4,0,0,0,2,2,2,2115,0,2,1.4,2.38,0.35,77,27.95,0.9,0.0,00:00
Lucas Johansen,ID8479321,WSH,D,1635,2,0,0,0,2,0,1,1570,0,65,0.7,1.54,0.35,77,26.95,0.7,0.0,00:00
Zach Bogosian,ID8474567,TBL,D,1487,2,0,0,0,1,1,1,1413,0,74,0.7,1.69,0.35,75,26.25,0.98,0.0,00:00
John Ludvig,ID8481206,PIT,D,329,1,0,0,0,1,2,0,326,0,3,0.30000000000000004,3.28,0.3,76,22.8,0.3,0.0,00:00
Haydn Fleury,ID8477938,TBL,D,608,1,0,0,0,0,2,0,592,0,16,0.2,1.18,0.2,75,15.0,1.07,0.0,00:00
Urho Vaakanainen,ID8480001,ANA,D,1757,2,0,0,0,2,1,0,1726,23,8,0.30000000000000004,0.61,0.15,76,11.4,0.86,0.19166666666666668,00:11
Kurtis MacDermid,ID8477073,COL,D,186,1,0,0,0,0,0,0,186,0,0,0.0,0.0,0.0,76,0.0,0.64,0.0,00:00
